0.029903,0.0014951,-0.0024129,-0.00012065
0.059806,0.0059806,-0.0048258,-0.00048258
0.089708,0.013456,-0.0072387,-0.0010858
0.11961,0.023922,-0.0096516,-0.0019303
0.14951,0.037379,-0.012065,-0.0030161
0.17942,0.053825,-0.014477,-0.0043432
0.20932,0.073262,-0.01689,-0.0059116
0.23922,0.095689,-0.019303,-0.0077213
0.26913,0.12111,-0.021716,-0.0097723
0.29903,0.14951,-0.024129,-0.012065
0.32893,0.18091,-0.026542,-0.014598
0.29903,0.19437,-0.024129,-0.015684
0.29903,0.22427,-0.024129,-0.018097
0.29903,0.25417,-0.024129,-0.02051
0.29903,0.28408,-0.024129,-0.022923
0.29903,0.31398,-0.024129,-0.025336
0.29903,0.34388,-0.024129,-0.027748
0.29903,0.37379,-0.024129,-0.030161
0.29903,0.40369,-0.024129,-0.032574
0.29903,0.43359,-0.024129,-0.034987
0.29903,0.46349,-0.024129,-0.0374
0.29903,0.4934,-0.024129,-0.039813
0.29903,0.5233,-0.024129,-0.042226
0.29903,0.5532,-0.024129,-0.044639
0.29903,0.5831,-0.024129,-0.047052
0.29903,0.61301,-0.024129,-0.049465
0.29903,0.64291,-0.024129,-0.051877
0.29903,0.67281,-0.024129,-0.05429
0.29903,0.70272,-0.024129,-0.056703
0.29903,0.73262,-0.024129,-0.059116
0.29903,0.76252,-0.024129,-0.061529
0.29903,0.79242,-0.024129,-0.063942
0.29903,0.82233,-0.024129,-0.066355
0.29903,0.85223,-0.024129,-0.068768
0.29903,0.88213,-0.024129,-0.071181
0.29903,0.91204,-0.024129,-0.073594
0.29903,0.94194,-0.024129,-0.076007
0.29903,0.97184,-0.024129,-0.078419
0.29903,1.0017,-0.024129,-0.080832
0.29903,1.0316,-0.024129,-0.083245
0.29903,1.0615,-0.024129,-0.085658
0.29903,1.0915,-0.024129,-0.088071
0.29903,1.1214,-0.024129,-0.090484
0.29903,1.1513,-0.024129,-0.092897
0.29903,1.1812,-0.024129,-0.09531
0.29903,1.2111,-0.024129,-0.097723
0.29903,1.241,-0.024129,-0.10014
0.29903,1.2709,-0.024129,-0.10255
0.29903,1.3008,-0.024129,-0.10496
0.29903,1.3307,-0.024129,-0.10737
0.29903,1.3606,-0.024129,-0.10979
0.29903,1.3905,-0.024129,-0.1122
0.29903,1.4204,-0.024129,-0.11461
0.29903,1.4503,-0.024129,-0.11703
0.29903,1.4802,-0.024129,-0.11944
0.29903,1.5101,-0.024129,-0.12185
0.29903,1.54,-0.024129,-0.12426
0.29903,1.5699,-0.024129,-0.12668
0.29903,1.5998,-0.024129,-0.12909
0.26913,1.6282,-0.021716,-0.13138
0.23922,1.6536,-0.019303,-0.13343
0.20932,1.6761,-0.01689,-0.13524
0.17942,1.6955,-0.014477,-0.13681
0.14951,1.7119,-0.012065,-0.13814
0.11961,1.7254,-0.0096516,-0.13922
0.089708,1.7359,-0.0072387,-0.14007
0.059806,1.7433,-0.0048258,-0.14067
0.029903,1.7478,-0.0024129,-0.14103
0,1.7478,0,-0.14103
0,1.7478,0,-0.14103
0,1.7478,0,-0.14103
0,1.7478,0,-0.14103
0,1.7478,0,-0.14103
0,1.7478,0,-0.14103
0,1.7478,0,-0.14103
0,1.7478,0,-0.14103
0,1.7478,0,-0.14103
0,1.7478,0,-0.14103
0.0013985,1.7479,-0.029967,-0.14253
0.0027971,1.7481,-0.059935,-0.14703
0.0041956,1.7484,-0.089902,-0.15452
0.0055941,1.7489,-0.11987,-0.16501
0.0069926,1.7496,-0.14984,-0.17849
0.0083912,1.7503,-0.1798,-0.19498
0.0097897,1.7512,-0.20977,-0.21445
0.011188,1.7523,-0.23974,-0.23693
0.012587,1.7535,-0.26971,-0.2624
0.013985,1.7548,-0.29967,-0.29087
0.015384,1.7563,-0.32964,-0.32234
0.013985,1.7569,-0.29967,-0.33582
0.013985,1.7583,-0.29967,-0.36579
0.013985,1.7597,-0.29967,-0.39576
0.013985,1.7611,-0.29967,-0.42572
0.013985,1.7625,-0.29967,-0.45569
0.013985,1.7639,-0.29967,-0.48566
0.013985,1.7653,-0.29967,-0.51563
0.013985,1.7667,-0.29967,-0.54559
0.013985,1.7681,-0.29967,-0.57556
0.013985,1.7695,-0.29967,-0.60553
0.013985,1.7709,-0.29967,-0.6355
0.013985,1.7723,-0.29967,-0.66546
0.013985,1.7737,-0.29967,-0.69543
0.013985,1.7751,-0.29967,-0.7254
0.013985,1.7765,-0.29967,-0.75537
0.013985,1.7779,-0.29967,-0.78533
0.013985,1.7793,-0.29967,-0.8153
0.013985,1.7807,-0.29967,-0.84527
0.013985,1.7821,-0.29967,-0.87524
0.013985,1.7835,-0.29967,-0.9052
0.013985,1.7849,-0.29967,-0.93517
0.013985,1.7863,-0.29967,-0.96514
0.013985,1.7877,-0.29967,-0.9951
0.013985,1.7891,-0.29967,-1.0251
0.013985,1.7905,-0.29967,-1.055
0.013985,1.7919,-0.29967,-1.085
0.013985,1.7933,-0.29967,-1.115
0.013985,1.7947,-0.29967,-1.1449
0.013985,1.7961,-0.29967,-1.1749
0.013985,1.7975,-0.29967,-1.2049
0.013985,1.7989,-0.29967,-1.2348
0.013985,1.8003,-0.29967,-1.2648
0.013985,1.8017,-0.29967,-1.2948
0.013985,1.8031,-0.29967,-1.3247
0.013985,1.8045,-0.29967,-1.3547
0.013985,1.8059,-0.29967,-1.3847
0.013985,1.8073,-0.29967,-1.4146
0.013985,1.8087,-0.29967,-1.4446
0.013985,1.8101,-0.29967,-1.4746
0.013985,1.8115,-0.29967,-1.5046
0.013985,1.8129,-0.29967,-1.5345
0.013985,1.8142,-0.29967,-1.5645
0.013985,1.8156,-0.29967,-1.5945
0.013985,1.817,-0.29967,-1.6244
0.013985,1.8184,-0.29967,-1.6544
0.013985,1.8198,-0.29967,-1.6844
0.013985,1.8212,-0.29967,-1.7143
0.013985,1.8226,-0.29967,-1.7443
0.013985,1.824,-0.29967,-1.7743
0.013985,1.8254,-0.29967,-1.8042
0.013985,1.8268,-0.29967,-1.8342
0.013985,1.8282,-0.29967,-1.8642
0.013985,1.8296,-0.29967,-1.8941
0.013985,1.831,-0.29967,-1.9241
0.013985,1.8324,-0.29967,-1.9541
0.013985,1.8338,-0.29967,-1.984
0.013985,1.8352,-0.29967,-2.014
0.013985,1.8366,-0.29967,-2.044
0.013985,1.838,-0.29967,-2.0739
0.013985,1.8394,-0.29967,-2.1039
0.013985,1.8408,-0.29967,-2.1339
0.013985,1.8422,-0.29967,-2.1638
0.013985,1.8436,-0.29967,-2.1938
0.013985,1.845,-0.29967,-2.2238
0.013985,1.8464,-0.29967,-2.2537
0.013985,1.8478,-0.29967,-2.2837
0.013985,1.8492,-0.29967,-2.3137
0.013985,1.8506,-0.29967,-2.3436
0.013985,1.852,-0.29967,-2.3736
0.013985,1.8534,-0.29967,-2.4036
0.013985,1.8548,-0.29967,-2.4335
0.013985,1.8562,-0.29967,-2.4635
0.013985,1.8576,-0.29967,-2.4935
0.013985,1.859,-0.29967,-2.5234
0.013985,1.8604,-0.29967,-2.5534
0.013985,1.8618,-0.29967,-2.5834
0.013985,1.8632,-0.29967,-2.6133
0.013985,1.8646,-0.29967,-2.6433
0.013985,1.866,-0.29967,-2.6733
0.013985,1.8674,-0.29967,-2.7032
0.013985,1.8688,-0.29967,-2.7332
0.013985,1.8702,-0.29967,-2.7632
0.013985,1.8716,-0.29967,-2.7931
0.013985,1.873,-0.29967,-2.8231
0.013985,1.8744,-0.29967,-2.8531
0.013985,1.8758,-0.29967,-2.8831
0.013985,1.8772,-0.29967,-2.913
0.013985,1.8786,-0.29967,-2.943
0.013985,1.88,-0.29967,-2.973
0.013985,1.8814,-0.29967,-3.0029
0.013985,1.8828,-0.29967,-3.0329
0.013985,1.8842,-0.29967,-3.0629
0.013985,1.8856,-0.29967,-3.0928
0.013985,1.887,-0.29967,-3.1228
0.013985,1.8884,-0.29967,-3.1528
0.013985,1.8898,-0.29967,-3.1827
0.013985,1.8912,-0.29967,-3.2127
0.013985,1.8926,-0.29967,-3.2427
0.013985,1.894,-0.29967,-3.2726
0.013985,1.8954,-0.29967,-3.3026
0.013985,1.8968,-0.29967,-3.3326
0.013985,1.8982,-0.29967,-3.3625
0.013985,1.8996,-0.29967,-3.3925
0.013985,1.901,-0.29967,-3.4225
0.013985,1.9024,-0.29967,-3.4524
0.013985,1.9038,-0.29967,-3.4824
0.013985,1.9052,-0.29967,-3.5124
0.013985,1.9066,-0.29967,-3.5423
0.013985,1.908,-0.29967,-3.5723
0.013985,1.9093,-0.29967,-3.6023
0.013985,1.9107,-0.29967,-3.6322
0.013985,1.9121,-0.29967,-3.6622
0.013985,1.9135,-0.29967,-3.6922
0.013985,1.9149,-0.29967,-3.7221
0.013985,1.9163,-0.29967,-3.7521
0.013985,1.9177,-0.29967,-3.7821
0.013985,1.9191,-0.29967,-3.812
0.013985,1.9205,-0.29967,-3.842
0.013985,1.9219,-0.29967,-3.872
0.012587,1.9233,-0.26971,-3.9004
0.011188,1.9245,-0.23974,-3.9259
0.0097897,1.9255,-0.20977,-3.9484
0.0083912,1.9264,-0.1798,-3.9679
0.0069926,1.9272,-0.14984,-3.9844
0.0055941,1.9278,-0.11987,-3.9978
0.0041956,1.9283,-0.089902,-4.0083
0.0027971,1.9286,-0.059935,-4.0158
0.0013985,1.9289,-0.029967,-4.0203
0,1.9289,0,-4.0203
0,1.9289,0,-4.0203
0,1.9289,0,-4.0203
0,1.9289,0,-4.0203
0,1.9289,0,-4.0203
0,1.9289,0,-4.0203
0,1.9289,0,-4.0203
0,1.9289,0,-4.0203
0,1.9289,0,-4.0203
0,1.9289,0,-4.0203
0.029986,1.9304,-0.00091925,-4.0204
0.059972,1.9349,-0.0018385,-4.0205
0.089958,1.9424,-0.0027577,-4.0207
0.11994,1.9528,-0.003677,-4.021
0.14993,1.9663,-0.0045962,-4.0215
0.17992,1.9828,-0.0055155,-4.022
0.2099,2.0023,-0.0064347,-4.0226
0.23989,2.0248,-0.007354,-4.0233
0.26987,2.0503,-0.0082732,-4.024
0.29986,2.0788,-0.0091925,-4.0249
0.32985,2.1103,-0.010112,-4.0259
0.29986,2.1238,-0.0091925,-4.0263
0.29986,2.1538,-0.0091925,-4.0272
0.29986,2.1837,-0.0091925,-4.0281
0.29986,2.2137,-0.0091925,-4.029
0.29986,2.2437,-0.0091925,-4.03
0.29986,2.2737,-0.0091925,-4.0309
0.29986,2.3037,-0.0091925,-4.0318
0.29986,2.3337,-0.0091925,-4.0327
0.29986,2.3637,-0.0091925,-4.0336
0.29986,2.3936,-0.0091925,-4.0346
0.29986,2.4236,-0.0091925,-4.0355
0.29986,2.4536,-0.0091925,-4.0364
0.29986,2.4836,-0.0091925,-4.0373
0.29986,2.5136,-0.0091925,-4.0382
0.29986,2.5436,-0.0091925,-4.0392
0.29986,2.5736,-0.0091925,-4.0401
0.29986,2.6035,-0.0091925,-4.041
0.29986,2.6335,-0.0091925,-4.0419
0.29986,2.6635,-0.0091925,-4.0428
0.29986,2.6935,-0.0091925,-4.0438
0.29986,2.7235,-0.0091925,-4.0447
0.29986,2.7535,-0.0091925,-4.0456
0.29986,2.7835,-0.0091925,-4.0465
0.29986,2.8134,-0.0091925,-4.0474
0.29986,2.8434,-0.0091925,-4.0483
0.29986,2.8734,-0.0091925,-4.0493
0.29986,2.9034,-0.0091925,-4.0502
0.29986,2.9334,-0.0091925,-4.0511
0.29986,2.9634,-0.0091925,-4.052
0.29986,2.9934,-0.0091925,-4.0529
0.29986,3.0233,-0.0091925,-4.0539
0.29986,3.0533,-0.0091925,-4.0548
0.29986,3.0833,-0.0091925,-4.0557
0.29986,3.1133,-0.0091925,-4.0566
0.29986,3.1433,-0.0091925,-4.0575
0.29986,3.1733,-0.0091925,-4.0585
0.29986,3.2033,-0.0091925,-4.0594
0.29986,3.2332,-0.0091925,-4.0603
0.29986,3.2632,-0.0091925,-4.0612
0.29986,3.2932,-0.0091925,-4.0621
0.29986,3.3232,-0.0091925,-4.0631
0.29986,3.3532,-0.0091925,-4.064
0.29986,3.3832,-0.0091925,-4.0649
0.29986,3.4132,-0.0091925,-4.0658
0.26987,3.4416,-0.0082732,-4.0667
0.23989,3.4671,-0.007354,-4.0675
0.2099,3.4896,-0.0064347,-4.0682
0.17992,3.5091,-0.0055155,-4.0688
0.14993,3.5256,-0.0045962,-4.0693
0.11994,3.5391,-0.003677,-4.0697
0.089958,3.5496,-0.0027577,-4.07
0.059972,3.5571,-0.0018385,-4.0702
0.029986,3.5616,-0.00091925,-4.0704
0,3.5616,0,-4.0704
0,3.5616,0,-4.0704
0,3.5616,0,-4.0704
0,3.5616,0,-4.0704
0,3.5616,0,-4.0704
0,3.5616,0,-4.0704
0,3.5616,0,-4.0704
0,3.5616,0,-4.0704
0,3.5616,0,-4.0704
0,3.5616,0,-4.0704
0.00090693,3.5616,0.029986,-4.0689
0.0018139,3.5618,0.059973,-4.0644
0.0027208,3.562,0.089959,-4.0569
0.0036277,3.5623,0.11995,-4.0464
0.0045346,3.5627,0.14993,-4.0329
0.0054416,3.5632,0.17992,-4.0164
0.0063485,3.5638,0.2099,-3.9969
0.0072554,3.5645,0.23989,-3.9744
0.0081623,3.5653,0.26988,-3.9489
0.0090693,3.5661,0.29986,-3.9204
0.0099762,3.5671,0.32985,-3.8889
0.0090693,3.5675,0.29986,-3.8755
0.0090693,3.5684,0.29986,-3.8455
0.0090693,3.5693,0.29986,-3.8155
0.0090693,3.5702,0.29986,-3.7855
0.0090693,3.5711,0.29986,-3.7555
0.0090693,3.572,0.29986,-3.7255
0.0090693,3.5729,0.29986,-3.6955
0.0090693,3.5738,0.29986,-3.6656
0.0090693,3.5747,0.29986,-3.6356
0.0090693,3.5756,0.29986,-3.6056
0.0090693,3.5766,0.29986,-3.5756
0.0090693,3.5775,0.29986,-3.5456
0.0090693,3.5784,0.29986,-3.5156
0.0090693,3.5793,0.29986,-3.4856
0.0090693,3.5802,0.29986,-3.4556
0.0090693,3.5811,0.29986,-3.4257
0.0090693,3.582,0.29986,-3.3957
0.0090693,3.5829,0.29986,-3.3657
0.0090693,3.5838,0.29986,-3.3357
0.0090693,3.5847,0.29986,-3.3057
0.0090693,3.5856,0.29986,-3.2757
0.0090693,3.5865,0.29986,-3.2457
0.0090693,3.5874,0.29986,-3.2158
0.0090693,3.5883,0.29986,-3.1858
0.0090693,3.5893,0.29986,-3.1558
0.0090693,3.5902,0.29986,-3.1258
0.0090693,3.5911,0.29986,-3.0958
0.0090693,3.592,0.29986,-3.0658
0.0090693,3.5929,0.29986,-3.0358
0.0090693,3.5938,0.29986,-3.0059
0.0090693,3.5947,0.29986,-2.9759
0.0090693,3.5956,0.29986,-2.9459
0.0090693,3.5965,0.29986,-2.9159
0.0090693,3.5974,0.29986,-2.8859
0.0090693,3.5983,0.29986,-2.8559
0.0090693,3.5992,0.29986,-2.8259
0.0090693,3.6001,0.29986,-2.7959
0.0090693,3.601,0.29986,-2.766
0.0090693,3.6019,0.29986,-2.736
0.0090693,3.6029,0.29986,-2.706
0.0090693,3.6038,0.29986,-2.676
0.0090693,3.6047,0.29986,-2.646
0.0090693,3.6056,0.29986,-2.616
0.0090693,3.6065,0.29986,-2.586
0.0090693,3.6074,0.29986,-2.5561
0.0090693,3.6083,0.29986,-2.5261
0.0090693,3.6092,0.29986,-2.4961
0.0090693,3.6101,0.29986,-2.4661
0.0090693,3.611,0.29986,-2.4361
0.0090693,3.6119,0.29986,-2.4061
0.0090693,3.6128,0.29986,-2.3761
0.0090693,3.6137,0.29986,-2.3462
0.0090693,3.6146,0.29986,-2.3162
0.0090693,3.6156,0.29986,-2.2862
0.0090693,3.6165,0.29986,-2.2562
0.0090693,3.6174,0.29986,-2.2262
0.0090693,3.6183,0.29986,-2.1962
0.0090693,3.6192,0.29986,-2.1662
0.0090693,3.6201,0.29986,-2.1362
0.0090693,3.621,0.29986,-2.1063
0.0090693,3.6219,0.29986,-2.0763
0.0090693,3.6228,0.29986,-2.0463
0.0090693,3.6237,0.29986,-2.0163
0.0090693,3.6246,0.29986,-1.9863
0.0090693,3.6255,0.29986,-1.9563
0.0090693,3.6264,0.29986,-1.9263
0.0090693,3.6273,0.29986,-1.8964
0.0090693,3.6283,0.29986,-1.8664
0.0090693,3.6292,0.29986,-1.8364
0.0090693,3.6301,0.29986,-1.8064
0.0090693,3.631,0.29986,-1.7764
0.0090693,3.6319,0.29986,-1.7464
0.0090693,3.6328,0.29986,-1.7164
0.0090693,3.6337,0.29986,-1.6865
0.0090693,3.6346,0.29986,-1.6565
0.0090693,3.6355,0.29986,-1.6265
0.0090693,3.6364,0.29986,-1.5965
0.0090693,3.6373,0.29986,-1.5665
0.0090693,3.6382,0.29986,-1.5365
0.0090693,3.6391,0.29986,-1.5065
0.0090693,3.64,0.29986,-1.4766
0.0090693,3.6409,0.29986,-1.4466
0.0090693,3.6419,0.29986,-1.4166
0.0090693,3.6428,0.29986,-1.3866
0.0090693,3.6437,0.29986,-1.3566
0.0090693,3.6446,0.29986,-1.3266
0.0090693,3.6455,0.29986,-1.2966
0.0090693,3.6464,0.29986,-1.2666
0.0090693,3.6473,0.29986,-1.2367
0.0090693,3.6482,0.29986,-1.2067
0.0090693,3.6491,0.29986,-1.1767
0.0090693,3.65,0.29986,-1.1467
0.0090693,3.6509,0.29986,-1.1167
0.0090693,3.6518,0.29986,-1.0867
0.0090693,3.6527,0.29986,-1.0567
0.0090693,3.6536,0.29986,-1.0268
0.0090693,3.6546,0.29986,-0.99677
0.0090693,3.6555,0.29986,-0.96678
0.0090693,3.6564,0.29986,-0.9368
0.0090693,3.6573,0.29986,-0.90681
0.0090693,3.6582,0.29986,-0.87683
0.0090693,3.6591,0.29986,-0.84684
0.0090693,3.66,0.29986,-0.81685
0.0090693,3.6609,0.29986,-0.78687
0.0090693,3.6618,0.29986,-0.75688
0.0090693,3.6627,0.29986,-0.72689
0.0090693,3.6636,0.29986,-0.69691
0.0090693,3.6645,0.29986,-0.66692
0.0090693,3.6654,0.29986,-0.63694
0.0090693,3.6663,0.29986,-0.60695
0.0090693,3.6672,0.29986,-0.57696
0.0090693,3.6682,0.29986,-0.54698
0.0090693,3.6691,0.29986,-0.51699
0.0090693,3.67,0.29986,-0.487
0.0090693,3.6709,0.29986,-0.45702
0.0090693,3.6718,0.29986,-0.42703
0.0090693,3.6727,0.29986,-0.39705
0.0090693,3.6736,0.29986,-0.36706
0.0090693,3.6745,0.29986,-0.33707
0.0090693,3.6754,0.29986,-0.30709
0.0090693,3.6763,0.29986,-0.2771
0.0090693,3.6772,0.29986,-0.24711
0.0090693,3.6781,0.29986,-0.21713
0.0090693,3.679,0.29986,-0.18714
0.0090693,3.6799,0.29986,-0.15715
0.0090693,3.6809,0.29986,-0.12717
0.0090693,3.6818,0.29986,-0.097182
0.0090693,3.6827,0.29986,-0.067196
0.0090693,3.6836,0.29986,-0.03721
0.0090693,3.6845,0.29986,-0.0072233
0.0090693,3.6854,0.29986,0.022763
0.0090693,3.6863,0.29986,0.052749
0.0090693,3.6872,0.29986,0.082736
0.0090693,3.6881,0.29986,0.11272
0.0090693,3.689,0.29986,0.14271
0.0090693,3.6899,0.29986,0.17269
0.0090693,3.6908,0.29986,0.20268
0.0090693,3.6917,0.29986,0.23267
0.0090693,3.6926,0.29986,0.26265
0.0090693,3.6935,0.29986,0.29264
0.0090693,3.6945,0.29986,0.32263
0.0090693,3.6954,0.29986,0.35261
0.0090693,3.6963,0.29986,0.3826
0.0090693,3.6972,0.29986,0.41258
0.0090693,3.6981,0.29986,0.44257
0.0090693,3.699,0.29986,0.47256
0.0090693,3.6999,0.29986,0.50254
0.0090693,3.7008,0.29986,0.53253
0.0090693,3.7017,0.29986,0.56252
0.0090693,3.7026,0.29986,0.5925
0.0090693,3.7035,0.29986,0.62249
0.0090693,3.7044,0.29986,0.65248
0.0090693,3.7053,0.29986,0.68246
0.0090693,3.7062,0.29986,0.71245
0.0090693,3.7072,0.29986,0.74243
0.0090693,3.7081,0.29986,0.77242
0.0090693,3.709,0.29986,0.80241
0.0090693,3.7099,0.29986,0.83239
0.0090693,3.7108,0.29986,0.86238
0.0090693,3.7117,0.29986,0.89237
0.0090693,3.7126,0.29986,0.92235
0.0090693,3.7135,0.29986,0.95234
0.0090693,3.7144,0.29986,0.98232
0.0090693,3.7153,0.29986,1.0123
0.0090693,3.7162,0.29986,1.0423
0.0090693,3.7171,0.29986,1.0723
0.0090693,3.718,0.29986,1.1023
0.0090693,3.7189,0.29986,1.1323
0.0090693,3.7199,0.29986,1.1622
0.0090693,3.7208,0.29986,1.1922
0.0090693,3.7217,0.29986,1.2222
0.0090693,3.7226,0.29986,1.2522
0.0090693,3.7235,0.29986,1.2822
0.0090693,3.7244,0.29986,1.3122
0.0090693,3.7253,0.29986,1.3422
0.0090693,3.7262,0.29986,1.3721
0.0090693,3.7271,0.29986,1.4021
0.0090693,3.728,0.29986,1.4321
0.0090693,3.7289,0.29986,1.4621
0.0090693,3.7298,0.29986,1.4921
0.0090693,3.7307,0.29986,1.5221
0.0090693,3.7316,0.29986,1.5521
0.0090693,3.7325,0.29986,1.582
0.0090693,3.7335,0.29986,1.612
0.0090693,3.7344,0.29986,1.642
0.0090693,3.7353,0.29986,1.672
0.0090693,3.7362,0.29986,1.702
0.0090693,3.7371,0.29986,1.732
0.0090693,3.738,0.29986,1.762
0.0090693,3.7389,0.29986,1.792
0.0090693,3.7398,0.29986,1.8219
0.0090693,3.7407,0.29986,1.8519
0.0090693,3.7416,0.29986,1.8819
0.0090693,3.7425,0.29986,1.9119
0.0090693,3.7434,0.29986,1.9419
0.0090693,3.7443,0.29986,1.9719
0.0090693,3.7452,0.29986,2.0019
0.0090693,3.7462,0.29986,2.0318
0.0090693,3.7471,0.29986,2.0618
0.0090693,3.748,0.29986,2.0918
0.0090693,3.7489,0.29986,2.1218
0.0090693,3.7498,0.29986,2.1518
0.0090693,3.7507,0.29986,2.1818
0.0090693,3.7516,0.29986,2.2118
0.0090693,3.7525,0.29986,2.2417
0.0090693,3.7534,0.29986,2.2717
0.0090693,3.7543,0.29986,2.3017
0.0090693,3.7552,0.29986,2.3317
0.0090693,3.7561,0.29986,2.3617
0.0090693,3.757,0.29986,2.3917
0.0090693,3.7579,0.29986,2.4217
0.0090693,3.7588,0.29986,2.4517
0.0090693,3.7598,0.29986,2.4816
0.0090693,3.7607,0.29986,2.5116
0.0090693,3.7616,0.29986,2.5416
0.0090693,3.7625,0.29986,2.5716
0.0090693,3.7634,0.29986,2.6016
0.0090693,3.7643,0.29986,2.6316
0.0090693,3.7652,0.29986,2.6616
0.0090693,3.7661,0.29986,2.6915
0.0090693,3.767,0.29986,2.7215
0.0090693,3.7679,0.29986,2.7515
0.0090693,3.7688,0.29986,2.7815
0.0090693,3.7697,0.29986,2.8115
0.0090693,3.7706,0.29986,2.8415
0.0090693,3.7715,0.29986,2.8715
0.0090693,3.7725,0.29986,2.9014
0.0090693,3.7734,0.29986,2.9314
0.0090693,3.7743,0.29986,2.9614
0.0090693,3.7752,0.29986,2.9914
0.0090693,3.7761,0.29986,3.0214
0.0090693,3.777,0.29986,3.0514
0.0090693,3.7779,0.29986,3.0814
0.0081623,3.7788,0.26988,3.1099
0.0072554,3.7795,0.23989,3.1353
0.0063485,3.7802,0.2099,3.1578
0.0054416,3.7808,0.17992,3.1773
0.0045346,3.7813,0.14993,3.1938
0.0036277,3.7817,0.11995,3.2073
0.0027208,3.782,0.089959,3.2178
0.0018139,3.7822,0.059973,3.2253
0.00090693,3.7824,0.029986,3.2298
0,3.7824,0,3.2298
0,3.7824,0,3.2298
0,3.7824,0,3.2298
0,3.7824,0,3.2298
0,3.7824,0,3.2298
0,3.7824,0,3.2298
0,3.7824,0,3.2298
0,3.7824,0,3.2298
0,3.7824,0,3.2298
0,3.7824,0,3.2298
0.025452,3.7837,0.015881,3.2306
0.050903,3.7875,0.031763,3.233
0.076355,3.7938,0.047644,3.2369
0.10181,3.8027,0.063526,3.2425
0.12726,3.8142,0.079407,3.2496
0.15271,3.8282,0.095289,3.2584
0.17816,3.8447,0.11117,3.2687
0.20361,3.8638,0.12705,3.2806
0.22906,3.8855,0.14293,3.2941
0.25452,3.9096,0.15881,3.3092
0.27997,3.9364,0.1747,3.3259
0.25452,3.9478,0.15881,3.333
0.25452,3.9733,0.15881,3.3489
0.25452,3.9987,0.15881,3.3648
0.25452,4.0242,0.15881,3.3807
0.25452,4.0496,0.15881,3.3966
0.25452,4.0751,0.15881,3.4124
0.25452,4.1005,0.15881,3.4283
0.25452,4.126,0.15881,3.4442
0.25452,4.1514,0.15881,3.4601
0.25452,4.1769,0.15881,3.476
0.25452,4.2023,0.15881,3.4918
0.25452,4.2278,0.15881,3.5077
0.25452,4.2532,0.15881,3.5236
0.25452,4.2787,0.15881,3.5395
0.25452,4.3041,0.15881,3.5554
0.25452,4.3296,0.15881,3.5712
0.25452,4.355,0.15881,3.5871
0.25452,4.3805,0.15881,3.603
0.25452,4.4059,0.15881,3.6189
0.25452,4.4314,0.15881,3.6348
0.25452,4.4568,0.15881,3.6507
0.25452,4.4823,0.15881,3.6665
0.25452,4.5078,0.15881,3.6824
0.25452,4.5332,0.15881,3.6983
0.25452,4.5587,0.15881,3.7142
0.25452,4.5841,0.15881,3.7301
0.25452,4.6096,0.15881,3.7459
0.25452,4.635,0.15881,3.7618
0.25452,4.6605,0.15881,3.7777
0.25452,4.6859,0.15881,3.7936
0.25452,4.7114,0.15881,3.8095
0.25452,4.7368,0.15881,3.8253
0.25452,4.7623,0.15881,3.8412
0.25452,4.7877,0.15881,3.8571
0.25452,4.8132,0.15881,3.873
0.25452,4.8386,0.15881,3.8889
0.25452,4.8641,0.15881,3.9048
0.25452,4.8895,0.15881,3.9206
0.22906,4.9137,0.14293,3.9357
0.20361,4.9353,0.12705,3.9492
0.17816,4.9544,0.11117,3.9611
0.15271,4.971,0.095289,3.9715
0.12726,4.985,0.079407,3.9802
0.10181,4.9964,0.063526,3.9873
0.076355,5.0053,0.047644,3.9929
0.050903,5.0117,0.031763,3.9969
0.025452,5.0155,0.015881,3.9993
0,5.0155,0,3.9993
0,5.0155,0,3.9993
0,5.0155,0,3.9993
0,5.0155,0,3.9993
0,5.0155,0,3.9993
0,5.0155,0,3.9993
0,5.0155,0,3.9993
0,5.0155,0,3.9993
0,5.0155,0,3.9993
0,5.0155,0,3.9993
0.03,5.017,0,3.9993
0.06,5.0215,0,3.9993
0.09,5.029,0,3.9993
0.12,5.0395,0,3.9993
0.15,5.053,0,3.9993
0.18,5.0695,0,3.9993
0.21,5.089,0,3.9993
0.24,5.1115,0,3.9993
0.27,5.137,0,3.9993
0.3,5.1655,0,3.9993
0.33,5.197,0,3.9993
0.3,5.2105,0,3.9993
0.3,5.2405,0,3.9993
0.3,5.2705,0,3.9993
0.3,5.3005,0,3.9993
0.3,5.3305,0,3.9993
0.3,5.3605,0,3.9993
0.3,5.3905,0,3.9993
0.3,5.4205,0,3.9993
0.3,5.4505,0,3.9993
0.3,5.4805,0,3.9993
0.3,5.5105,0,3.9993
0.3,5.5405,0,3.9993
0.3,5.5705,0,3.9993
0.3,5.6005,0,3.9993
0.3,5.6305,0,3.9993
0.3,5.6605,0,3.9993
0.3,5.6905,0,3.9993
0.3,5.7205,0,3.9993
0.3,5.7505,0,3.9993
0.3,5.7805,0,3.9993
0.3,5.8105,0,3.9993
0.3,5.8405,0,3.9993
0.3,5.8705,0,3.9993
0.3,5.9005,0,3.9993
0.3,5.9305,0,3.9993
0.3,5.9605,0,3.9993
0.3,5.9905,0,3.9993
0.3,6.0205,0,3.9993
0.3,6.0505,0,3.9993
0.3,6.0805,0,3.9993
0.3,6.1105,0,3.9993
0.3,6.1405,0,3.9993
0.3,6.1705,0,3.9993
0.3,6.2005,0,3.9993
0.3,6.2305,0,3.9993
0.3,6.2605,0,3.9993
0.3,6.2905,0,3.9993
0.3,6.3205,0,3.9993
0.3,6.3505,0,3.9993
0.3,6.3805,0,3.9993
0.3,6.4105,0,3.9993
0.3,6.4405,0,3.9993
0.3,6.4705,0,3.9993
0.3,6.5005,0,3.9993
0.3,6.5305,0,3.9993
0.3,6.5605,0,3.9993
0.3,6.5905,0,3.9993
0.3,6.6205,0,3.9993
0.3,6.6505,0,3.9993
0.3,6.6805,0,3.9993
0.3,6.7105,0,3.9993
0.3,6.7405,0,3.9993
0.3,6.7705,0,3.9993
0.3,6.8005,0,3.9993
0.3,6.8305,0,3.9993
0.3,6.8605,0,3.9993
0.3,6.8905,0,3.9993
0.3,6.9205,0,3.9993
0.3,6.9505,0,3.9993
0.3,6.9805,0,3.9993
0.3,7.0105,0,3.9993
0.3,7.0405,0,3.9993
0.3,7.0705,0,3.9993
0.3,7.1005,0,3.9993
0.3,7.1305,0,3.9993
0.3,7.1605,0,3.9993
0.3,7.1905,0,3.9993
0.3,7.2205,0,3.9993
0.3,7.2505,0,3.9993
0.3,7.2805,0,3.9993
0.3,7.3105,0,3.9993
0.3,7.3405,0,3.9993
0.3,7.3705,0,3.9993
0.3,7.4005,0,3.9993
0.3,7.4305,0,3.9993
0.3,7.4605,0,3.9993
0.3,7.4905,0,3.9993
0.3,7.5205,0,3.9993
0.3,7.5505,0,3.9993
0.3,7.5805,0,3.9993
0.3,7.6105,0,3.9993
0.3,7.6405,0,3.9993
0.3,7.6705,0,3.9993
0.3,7.7005,0,3.9993
0.3,7.7305,0,3.9993
0.3,7.7605,0,3.9993
0.3,7.7905,0,3.9993
0.3,7.8205,0,3.9993
0.3,7.8505,0,3.9993
0.3,7.8805,0,3.9993
0.3,7.9105,0,3.9993
0.3,7.9405,0,3.9993
0.3,7.9705,0,3.9993
0.3,8.0005,0,3.9993
0.3,8.0305,0,3.9993
0.3,8.0605,0,3.9993
0.3,8.0905,0,3.9993
0.3,8.1205,0,3.9993
0.3,8.1505,0,3.9993
0.3,8.1805,0,3.9993
0.3,8.2105,0,3.9993
0.3,8.2405,0,3.9993
0.3,8.2705,0,3.9993
0.3,8.3005,0,3.9993
0.3,8.3305,0,3.9993
0.3,8.3605,0,3.9993
0.3,8.3905,0,3.9993
0.3,8.4205,0,3.9993
0.3,8.4505,0,3.9993
0.3,8.4805,0,3.9993
0.3,8.5105,0,3.9993
0.3,8.5405,0,3.9993
0.3,8.5705,0,3.9993
0.3,8.6005,0,3.9993
0.3,8.6305,0,3.9993
0.3,8.6605,0,3.9993
0.3,8.6905,0,3.9993
0.3,8.7205,0,3.9993
0.3,8.7505,0,3.9993
0.3,8.7805,0,3.9993
0.3,8.8105,0,3.9993
0.3,8.8405,0,3.9993
0.3,8.8705,0,3.9993
0.3,8.9005,0,3.9993
0.3,8.9305,0,3.9993
0.3,8.9605,0,3.9993
0.3,8.9905,0,3.9993
0.3,9.0205,0,3.9993
0.3,9.0505,0,3.9993
0.3,9.0805,0,3.9993
0.3,9.1105,0,3.9993
0.3,9.1405,0,3.9993
0.3,9.1705,0,3.9993
0.3,9.2005,0,3.9993
0.3,9.2305,0,3.9993
0.3,9.2605,0,3.9993
0.3,9.2905,0,3.9993
0.3,9.3205,0,3.9993
0.3,9.3505,0,3.9993
0.3,9.3805,0,3.9993
0.3,9.4105,0,3.9993
0.3,9.4405,0,3.9993
0.3,9.4705,0,3.9993
0.3,9.5005,0,3.9993
0.3,9.5305,0,3.9993
0.3,9.5605,0,3.9993
0.3,9.5905,0,3.9993
0.3,9.6205,0,3.9993
0.3,9.6505,0,3.9993
0.3,9.6805,0,3.9993
0.3,9.7105,0,3.9993
0.3,9.7405,0,3.9993
0.3,9.7705,0,3.9993
0.3,9.8005,0,3.9993
0.3,9.8305,0,3.9993
0.3,9.8605,0,3.9993
0.3,9.8905,0,3.9993
0.3,9.9205,0,3.9993
0.3,9.9505,0,3.9993
0.3,9.9805,0,3.9993
0.3,10.011,0,3.9993
0.3,10.041,0,3.9993
0.3,10.071,0,3.9993
0.3,10.101,0,3.9993
0.3,10.131,0,3.9993
0.3,10.161,0,3.9993
0.3,10.191,0,3.9993
0.3,10.221,0,3.9993
0.3,10.251,0,3.9993
0.3,10.281,0,3.9993
0.3,10.311,0,3.9993
0.3,10.341,0,3.9993
0.3,10.371,0,3.9993
0.3,10.401,0,3.9993
0.3,10.431,0,3.9993
0.3,10.461,0,3.9993
0.3,10.491,0,3.9993
0.3,10.521,0,3.9993
0.3,10.551,0,3.9993
0.3,10.581,0,3.9993
0.3,10.611,0,3.9993
0.3,10.641,0,3.9993
0.3,10.671,0,3.9993
0.3,10.701,0,3.9993
0.3,10.731,0,3.9993
0.3,10.761,0,3.9993
0.3,10.791,0,3.9993
0.3,10.821,0,3.9993
0.3,10.851,0,3.9993
0.3,10.881,0,3.9993
0.3,10.911,0,3.9993
0.3,10.941,0,3.9993
0.3,10.971,0,3.9993
0.3,11.001,0,3.9993
0.3,11.031,0,3.9993
0.3,11.061,0,3.9993
0.3,11.091,0,3.9993
0.3,11.121,0,3.9993
0.3,11.151,0,3.9993
0.3,11.181,0,3.9993
0.3,11.211,0,3.9993
0.3,11.241,0,3.9993
0.3,11.271,0,3.9993
0.3,11.301,0,3.9993
0.3,11.331,0,3.9993
0.3,11.361,0,3.9993
0.3,11.391,0,3.9993
0.3,11.421,0,3.9993
0.3,11.451,0,3.9993
0.3,11.481,0,3.9993
0.3,11.511,0,3.9993
0.3,11.541,0,3.9993
0.3,11.571,0,3.9993
0.3,11.601,0,3.9993
0.3,11.631,0,3.9993
0.3,11.661,0,3.9993
0.3,11.691,0,3.9993
0.3,11.721,0,3.9993
0.3,11.751,0,3.9993
0.3,11.781,0,3.9993
0.3,11.811,0,3.9993
0.3,11.841,0,3.9993
0.27,11.869,0,3.9993
0.24,11.895,0,3.9993
0.21,11.917,0,3.9993
0.18,11.937,0,3.9993
0.15,11.953,0,3.9993
0.12,11.967,0,3.9993
0.09,11.977,0,3.9993
0.06,11.985,0,3.9993
0.03,11.989,0,3.9993
0,11.989,0,3.9993
0,11.989,0,3.9993
0,11.989,0,3.9993
0,11.989,0,3.9993
0,11.989,0,3.9993
0,11.989,0,3.9993
0,11.989,0,3.9993
0,11.989,0,3.9993
0,11.989,0,3.9993
0,11.989,0,3.9993
0.023421,11.99,-0.018748,3.9983
0.046841,11.994,-0.037495,3.9955
0.070262,12,-0.056243,3.9908
0.093683,12.008,-0.07499,3.9843
0.1171,12.018,-0.093738,3.9758
0.14052,12.031,-0.11249,3.9655
0.16394,12.046,-0.13123,3.9533
0.18737,12.064,-0.14998,3.9393
0.21079,12.084,-0.16873,3.9233
0.23421,12.106,-0.18748,3.9055
0.25763,12.131,-0.20622,3.8858
0.23421,12.141,-0.18748,3.8774
0.23421,12.165,-0.18748,3.8586
0.23421,12.188,-0.18748,3.8399
0.23421,12.212,-0.18748,3.8211
0.23421,12.235,-0.18748,3.8024
0.23421,12.258,-0.18748,3.7837
0.23421,12.282,-0.18748,3.7649
0.23421,12.305,-0.18748,3.7462
0.23421,12.329,-0.18748,3.7274
0.23421,12.352,-0.18748,3.7087
0.23421,12.375,-0.18748,3.6899
0.23421,12.399,-0.18748,3.6712
0.23421,12.422,-0.18748,3.6524
0.23421,12.446,-0.18748,3.6337
0.23421,12.469,-0.18748,3.6149
0.23421,12.493,-0.18748,3.5962
0.23421,12.516,-0.18748,3.5774
0.23421,12.539,-0.18748,3.5587
0.23421,12.563,-0.18748,3.5399
0.23421,12.586,-0.18748,3.5212
0.23421,12.61,-0.18748,3.5024
0.23421,12.633,-0.18748,3.4837
0.23421,12.656,-0.18748,3.4649
0.23421,12.68,-0.18748,3.4462
0.23421,12.703,-0.18748,3.4275
0.23421,12.727,-0.18748,3.4087
0.23421,12.75,-0.18748,3.39
0.23421,12.774,-0.18748,3.3712
0.23421,12.797,-0.18748,3.3525
0.23421,12.82,-0.18748,3.3337
0.23421,12.844,-0.18748,3.315
0.23421,12.867,-0.18748,3.2962
0.23421,12.891,-0.18748,3.2775
0.23421,12.914,-0.18748,3.2587
0.23421,12.938,-0.18748,3.24
0.23421,12.961,-0.18748,3.2212
0.23421,12.984,-0.18748,3.2025
0.23421,13.008,-0.18748,3.1837
0.23421,13.031,-0.18748,3.165
0.23421,13.055,-0.18748,3.1462
0.23421,13.078,-0.18748,3.1275
0.23421,13.101,-0.18748,3.1087
0.23421,13.125,-0.18748,3.09
0.21079,13.147,-0.16873,3.0722
0.18737,13.167,-0.14998,3.0562
0.16394,13.185,-0.13123,3.0422
0.14052,13.2,-0.11249,3.03
0.1171,13.213,-0.093738,3.0197
0.093683,13.223,-0.07499,3.0113
0.070262,13.231,-0.056243,3.0047
0.046841,13.237,-0.037495,3
0.023421,13.241,-0.018748,2.9972
0,13.241,0,2.9972
0,13.241,0,2.9972
0,13.241,0,2.9972
0,13.241,0,2.9972
0,13.241,0,2.9972
0,13.241,0,2.9972
0,13.241,0,2.9972
0,13.241,0,2.9972
0,13.241,0,2.9972
0,13.241,0,2.9972
-0.00043087,13.241,-0.029997,2.9957
-0.00086174,13.241,-0.059994,2.9912
-0.0012926,13.241,-0.089991,2.9837
-0.0017235,13.24,-0.11999,2.9732
-0.0021544,13.24,-0.14998,2.9597
-0.0025852,13.24,-0.17998,2.9432
-0.0030161,13.24,-0.20998,2.9237
-0.003447,13.239,-0.23998,2.9012
-0.0038778,13.239,-0.26997,2.8757
-0.0043087,13.239,-0.29997,2.8472
-0.0047396,13.238,-0.32997,2.8157
-0.0043087,13.238,-0.29997,2.8022
-0.0043087,13.238,-0.29997,2.7722
-0.0043087,13.237,-0.29997,2.7422
-0.0043087,13.237,-0.29997,2.7122
-0.0043087,13.236,-0.29997,2.6822
-0.0043087,13.236,-0.29997,2.6522
-0.0043087,13.235,-0.29997,2.6222
-0.0043087,13.235,-0.29997,2.5922
-0.0043087,13.235,-0.29997,2.5622
-0.0043087,13.234,-0.29997,2.5322
-0.0043087,13.234,-0.29997,2.5022
-0.0043087,13.233,-0.29997,2.4722
-0.0043087,13.233,-0.29997,2.4423
-0.0043087,13.232,-0.29997,2.4123
-0.0043087,13.232,-0.29997,2.3823
-0.0043087,13.232,-0.29997,2.3523
-0.0043087,13.231,-0.29997,2.3223
-0.0043087,13.231,-0.29997,2.2923
-0.0043087,13.23,-0.29997,2.2623
-0.0043087,13.23,-0.29997,2.2323
-0.0043087,13.229,-0.29997,2.2023
-0.0043087,13.229,-0.29997,2.1723
-0.0043087,13.229,-0.29997,2.1423
-0.0043087,13.228,-0.29997,2.1123
-0.0043087,13.228,-0.29997,2.0823
-0.0043087,13.227,-0.29997,2.0523
-0.0043087,13.227,-0.29997,2.0223
-0.0043087,13.226,-0.29997,1.9923
-0.0043087,13.226,-0.29997,1.9623
-0.0043087,13.226,-0.29997,1.9323
-0.0043087,13.225,-0.29997,1.9023
-0.0043087,13.225,-0.29997,1.8723
-0.0043087,13.224,-0.29997,1.8423
-0.0043087,13.224,-0.29997,1.8123
-0.0043087,13.223,-0.29997,1.7823
-0.0043087,13.223,-0.29997,1.7523
-0.0043087,13.223,-0.29997,1.7223
-0.0043087,13.222,-0.29997,1.6923
-0.0043087,13.222,-0.29997,1.6623
-0.0043087,13.221,-0.29997,1.6323
-0.0043087,13.221,-0.29997,1.6023
-0.0043087,13.22,-0.29997,1.5723
-0.0043087,13.22,-0.29997,1.5423
-0.0043087,13.22,-0.29997,1.5123
-0.0043087,13.219,-0.29997,1.4823
-0.0043087,13.219,-0.29997,1.4524
-0.0043087,13.218,-0.29997,1.4224
-0.0043087,13.218,-0.29997,1.3924
-0.0043087,13.217,-0.29997,1.3624
-0.0043087,13.217,-0.29997,1.3324
-0.0043087,13.217,-0.29997,1.3024
-0.0043087,13.216,-0.29997,1.2724
-0.0043087,13.216,-0.29997,1.2424
-0.0043087,13.215,-0.29997,1.2124
-0.0043087,13.215,-0.29997,1.1824
-0.0043087,13.214,-0.29997,1.1524
-0.0043087,13.214,-0.29997,1.1224
-0.0043087,13.213,-0.29997,1.0924
-0.0043087,13.213,-0.29997,1.0624
-0.0043087,13.213,-0.29997,1.0324
-0.0043087,13.212,-0.29997,1.0024
-0.0043087,13.212,-0.29997,0.9724
-0.0043087,13.211,-0.29997,0.9424
-0.0043087,13.211,-0.29997,0.91241
-0.0043087,13.21,-0.29997,0.88241
-0.0043087,13.21,-0.29997,0.85241
-0.0043087,13.21,-0.29997,0.82242
-0.0043087,13.209,-0.29997,0.79242
-0.0043087,13.209,-0.29997,0.76242
-0.0043087,13.208,-0.29997,0.73243
-0.0043087,13.208,-0.29997,0.70243
-0.0043087,13.207,-0.29997,0.67243
-0.0043087,13.207,-0.29997,0.64244
-0.0043087,13.207,-0.29997,0.61244
-0.0043087,13.206,-0.29997,0.58244
-0.0043087,13.206,-0.29997,0.55245
-0.0043087,13.205,-0.29997,0.52245
-0.0043087,13.205,-0.29997,0.49245
-0.0043087,13.204,-0.29997,0.46245
-0.0043087,13.204,-0.29997,0.43246
-0.0043087,13.204,-0.29997,0.40246
-0.0043087,13.203,-0.29997,0.37246
-0.0043087,13.203,-0.29997,0.34247
-0.0043087,13.202,-0.29997,0.31247
-0.0043087,13.202,-0.29997,0.28247
-0.0043087,13.201,-0.29997,0.25248
-0.0043087,13.201,-0.29997,0.22248
-0.0043087,13.201,-0.29997,0.19248
-0.0043087,13.2,-0.29997,0.16249
-0.0043087,13.2,-0.29997,0.13249
-0.0043087,13.199,-0.29997,0.10249
-0.0043087,13.199,-0.29997,0.072495
-0.0043087,13.198,-0.29997,0.042498
-0.0043087,13.198,-0.29997,0.012501
-0.0043087,13.198,-0.29997,-0.017496
-0.0043087,13.197,-0.29997,-0.047493
-0.0043087,13.197,-0.29997,-0.07749
-0.0043087,13.196,-0.29997,-0.10749
-0.0043087,13.196,-0.29997,-0.13748
-0.0043087,13.195,-0.29997,-0.16748
-0.0043087,13.195,-0.29997,-0.19748
-0.0043087,13.195,-0.29997,-0.22747
-0.0043087,13.194,-0.29997,-0.25747
-0.0043087,13.194,-0.29997,-0.28747
-0.0043087,13.193,-0.29997,-0.31747
-0.0043087,13.193,-0.29997,-0.34746
-0.0043087,13.192,-0.29997,-0.37746
-0.0043087,13.192,-0.29997,-0.40746
-0.0043087,13.192,-0.29997,-0.43745
-0.0043087,13.191,-0.29997,-0.46745
-0.0043087,13.191,-0.29997,-0.49745
-0.0043087,13.19,-0.29997,-0.52744
-0.0043087,13.19,-0.29997,-0.55744
-0.0043087,13.189,-0.29997,-0.58744
-0.0043087,13.189,-0.29997,-0.61743
-0.0043087,13.188,-0.29997,-0.64743
-0.0043087,13.188,-0.29997,-0.67743
-0.0043087,13.188,-0.29997,-0.70742
-0.0043087,13.187,-0.29997,-0.73742
-0.0043087,13.187,-0.29997,-0.76742
-0.0043087,13.186,-0.29997,-0.79742
-0.0043087,13.186,-0.29997,-0.82741
-0.0043087,13.185,-0.29997,-0.85741
-0.0043087,13.185,-0.29997,-0.88741
-0.0043087,13.185,-0.29997,-0.9174
-0.0043087,13.184,-0.29997,-0.9474
-0.0043087,13.184,-0.29997,-0.9774
-0.0043087,13.183,-0.29997,-1.0074
-0.0043087,13.183,-0.29997,-1.0374
-0.0043087,13.182,-0.29997,-1.0674
-0.0043087,13.182,-0.29997,-1.0974
-0.0043087,13.182,-0.29997,-1.1274
-0.0043087,13.181,-0.29997,-1.1574
-0.0043087,13.181,-0.29997,-1.1874
-0.0043087,13.18,-0.29997,-1.2174
-0.0043087,13.18,-0.29997,-1.2474
-0.0043087,13.179,-0.29997,-1.2774
-0.0043087,13.179,-0.29997,-1.3074
-0.0043087,13.179,-0.29997,-1.3374
-0.0043087,13.178,-0.29997,-1.3674
-0.0043087,13.178,-0.29997,-1.3974
-0.0043087,13.177,-0.29997,-1.4274
-0.0043087,13.177,-0.29997,-1.4573
-0.0043087,13.176,-0.29997,-1.4873
-0.0043087,13.176,-0.29997,-1.5173
-0.0043087,13.176,-0.29997,-1.5473
-0.0043087,13.175,-0.29997,-1.5773
-0.0043087,13.175,-0.29997,-1.6073
-0.0043087,13.174,-0.29997,-1.6373
-0.0043087,13.174,-0.29997,-1.6673
-0.0043087,13.173,-0.29997,-1.6973
-0.0043087,13.173,-0.29997,-1.7273
-0.0043087,13.173,-0.29997,-1.7573
-0.0043087,13.172,-0.29997,-1.7873
-0.0043087,13.172,-0.29997,-1.8173
-0.0043087,13.171,-0.29997,-1.8473
-0.0043087,13.171,-0.29997,-1.8773
-0.0043087,13.17,-0.29997,-1.9073
-0.0043087,13.17,-0.29997,-1.9373
-0.0043087,13.17,-0.29997,-1.9673
-0.0043087,13.169,-0.29997,-1.9973
-0.0043087,13.169,-0.29997,-2.0273
-0.0043087,13.168,-0.29997,-2.0573
-0.0043087,13.168,-0.29997,-2.0873
-0.0043087,13.167,-0.29997,-2.1173
-0.0043087,13.167,-0.29997,-2.1473
-0.0043087,13.167,-0.29997,-2.1773
-0.0043087,13.166,-0.29997,-2.2073
-0.0043087,13.166,-0.29997,-2.2373
-0.0043087,13.165,-0.29997,-2.2673
-0.0043087,13.165,-0.29997,-2.2973
-0.0043087,13.164,-0.29997,-2.3273
-0.0043087,13.164,-0.29997,-2.3573
-0.0043087,13.164,-0.29997,-2.3873
-0.0043087,13.163,-0.29997,-2.4172
-0.0043087,13.163,-0.29997,-2.4472
-0.0043087,13.162,-0.29997,-2.4772
-0.0043087,13.162,-0.29997,-2.5072
-0.0043087,13.161,-0.29997,-2.5372
-0.0043087,13.161,-0.29997,-2.5672
-0.0043087,13.16,-0.29997,-2.5972
-0.0043087,13.16,-0.29997,-2.6272
-0.0043087,13.16,-0.29997,-2.6572
-0.0043087,13.159,-0.29997,-2.6872
-0.0043087,13.159,-0.29997,-2.7172
-0.0043087,13.158,-0.29997,-2.7472
-0.0043087,13.158,-0.29997,-2.7772
-0.0043087,13.157,-0.29997,-2.8072
-0.0043087,13.157,-0.29997,-2.8372
-0.0043087,13.157,-0.29997,-2.8672
-0.0043087,13.156,-0.29997,-2.8972
-0.0043087,13.156,-0.29997,-2.9272
-0.0043087,13.155,-0.29997,-2.9572
-0.0043087,13.155,-0.29997,-2.9872
-0.0043087,13.154,-0.29997,-3.0172
-0.0043087,13.154,-0.29997,-3.0472
-0.0043087,13.154,-0.29997,-3.0772
-0.0043087,13.153,-0.29997,-3.1072
-0.0043087,13.153,-0.29997,-3.1372
-0.0043087,13.152,-0.29997,-3.1672
-0.0043087,13.152,-0.29997,-3.1972
-0.0043087,13.151,-0.29997,-3.2272
-0.0043087,13.151,-0.29997,-3.2572
-0.0043087,13.151,-0.29997,-3.2872
-0.0043087,13.15,-0.29997,-3.3172
-0.0043087,13.15,-0.29997,-3.3472
-0.0043087,13.149,-0.29997,-3.3771
-0.0043087,13.149,-0.29997,-3.4071
-0.0043087,13.148,-0.29997,-3.4371
-0.0043087,13.148,-0.29997,-3.4671
-0.0043087,13.148,-0.29997,-3.4971
-0.0043087,13.147,-0.29997,-3.5271
-0.0043087,13.147,-0.29997,-3.5571
-0.0038778,13.146,-0.26997,-3.5856
-0.003447,13.146,-0.23998,-3.6111
-0.0030161,13.146,-0.20998,-3.6336
-0.0025852,13.145,-0.17998,-3.6531
-0.0021544,13.145,-0.14998,-3.6696
-0.0017235,13.145,-0.11999,-3.6831
-0.0012926,13.145,-0.089991,-3.6936
-0.00086174,13.145,-0.059994,-3.7011
-0.00043087,13.145,-0.029997,-3.7056
0,13.145,0,-3.7056
0,13.145,0,-3.7056
0,13.145,0,-3.7056
0,13.145,0,-3.7056
0,13.145,0,-3.7056
0,13.145,0,-3.7056
0,13.145,0,-3.7056
0,13.145,0,-3.7056
0,13.145,0,-3.7056
0,13.145,0,-3.7056
-0.027283,13.143,-0.012475,-3.7062
-0.054566,13.139,-0.02495,-3.7081
-0.08185,13.132,-0.037425,-3.7112
-0.10913,13.123,-0.0499,-3.7156
-0.13642,13.11,-0.062375,-3.7212
-0.1637,13.095,-0.07485,-3.7281
-0.19098,13.078,-0.087325,-3.7362
-0.21827,13.057,-0.0998,-3.7455
-0.24555,13.034,-0.11227,-3.7561
-0.27283,13.008,-0.12475,-3.768
-0.30012,12.98,-0.13722,-3.7811
-0.27283,12.967,-0.12475,-3.7867
-0.27283,12.94,-0.12475,-3.7992
-0.27283,12.913,-0.12475,-3.8117
-0.27283,12.885,-0.12475,-3.8241
-0.27283,12.858,-0.12475,-3.8366
-0.27283,12.831,-0.12475,-3.8491
-0.27283,12.804,-0.12475,-3.8616
-0.27283,12.776,-0.12475,-3.874
-0.27283,12.749,-0.12475,-3.8865
-0.27283,12.722,-0.12475,-3.899
-0.27283,12.694,-0.12475,-3.9115
-0.27283,12.667,-0.12475,-3.9239
-0.27283,12.64,-0.12475,-3.9364
-0.27283,12.613,-0.12475,-3.9489
-0.27283,12.585,-0.12475,-3.9614
-0.27283,12.558,-0.12475,-3.9738
-0.27283,12.531,-0.12475,-3.9863
-0.27283,12.503,-0.12475,-3.9988
-0.27283,12.476,-0.12475,-4.0113
-0.27283,12.449,-0.12475,-4.0237
-0.27283,12.422,-0.12475,-4.0362
-0.27283,12.394,-0.12475,-4.0487
-0.27283,12.367,-0.12475,-4.0612
-0.27283,12.34,-0.12475,-4.0736
-0.27283,12.312,-0.12475,-4.0861
-0.27283,12.285,-0.12475,-4.0986
-0.27283,12.258,-0.12475,-4.1111
-0.27283,12.231,-0.12475,-4.1235
-0.27283,12.203,-0.12475,-4.136
-0.27283,12.176,-0.12475,-4.1485
-0.27283,12.149,-0.12475,-4.161
-0.27283,12.121,-0.12475,-4.1734
-0.27283,12.094,-0.12475,-4.1859
-0.27283,12.067,-0.12475,-4.1984
-0.27283,12.04,-0.12475,-4.2109
-0.27283,12.012,-0.12475,-4.2233
-0.27283,11.985,-0.12475,-4.2358
-0.27283,11.958,-0.12475,-4.2483
-0.27283,11.93,-0.12475,-4.2608
-0.27283,11.903,-0.12475,-4.2732
-0.27283,11.876,-0.12475,-4.2857
-0.27283,11.849,-0.12475,-4.2982
-0.27283,11.821,-0.12475,-4.3107
-0.27283,11.794,-0.12475,-4.3231
-0.27283,11.767,-0.12475,-4.3356
-0.27283,11.739,-0.12475,-4.3481
-0.27283,11.712,-0.12475,-4.3606
-0.27283,11.685,-0.12475,-4.373
-0.27283,11.658,-0.12475,-4.3855
-0.27283,11.63,-0.12475,-4.398
-0.27283,11.603,-0.12475,-4.4105
-0.27283,11.576,-0.12475,-4.4229
-0.27283,11.548,-0.12475,-4.4354
-0.27283,11.521,-0.12475,-4.4479
-0.24555,11.495,-0.11227,-4.4597
-0.21827,11.472,-0.0998,-4.4703
-0.19098,11.452,-0.087325,-4.4797
-0.1637,11.434,-0.07485,-4.4878
-0.13642,11.419,-0.062375,-4.4947
-0.10913,11.407,-0.0499,-4.5003
-0.08185,11.397,-0.037425,-4.5046
-0.054566,11.39,-0.02495,-4.5078
-0.027283,11.386,-0.012475,-4.5096
0,11.386,0,-4.5096
0,11.386,0,-4.5096
0,11.386,0,-4.5096
0,11.386,0,-4.5096
0,11.386,0,-4.5096
0,11.386,0,-4.5096
0,11.386,0,-4.5096
0,11.386,0,-4.5096
0,11.386,0,-4.5096
0,11.386,0,-4.5096
-0.0098679,11.386,0.028331,-4.5082
-0.019736,11.384,0.056661,-4.504
-0.029604,11.382,0.084992,-4.4969
-0.039472,11.378,0.11332,-4.487
-0.04934,11.374,0.14165,-4.4742
-0.059208,11.368,0.16998,-4.4586
-0.069076,11.362,0.19831,-4.4402
-0.078944,11.355,0.22664,-4.419
-0.088811,11.346,0.25498,-4.3949
-0.098679,11.337,0.28331,-4.368
-0.10855,11.326,0.31164,-4.3382
-0.098679,11.322,0.28331,-4.3255
-0.098679,11.312,0.28331,-4.2971
-0.098679,11.302,0.28331,-4.2688
-0.098679,11.292,0.28331,-4.2405
-0.098679,11.283,0.28331,-4.2122
-0.098679,11.273,0.28331,-4.1838
-0.098679,11.263,0.28331,-4.1555
-0.098679,11.253,0.28331,-4.1272
-0.098679,11.243,0.28331,-4.0988
-0.098679,11.233,0.28331,-4.0705
-0.098679,11.223,0.28331,-4.0422
-0.098679,11.213,0.28331,-4.0138
-0.098679,11.204,0.28331,-3.9855
-0.098679,11.194,0.28331,-3.9572
-0.098679,11.184,0.28331,-3.9289
-0.098679,11.174,0.28331,-3.9005
-0.098679,11.164,0.28331,-3.8722
-0.098679,11.154,0.28331,-3.8439
-0.098679,11.144,0.28331,-3.8155
-0.098679,11.135,0.28331,-3.7872
-0.098679,11.125,0.28331,-3.7589
-0.098679,11.115,0.28331,-3.7305
-0.098679,11.105,0.28331,-3.7022
-0.098679,11.095,0.28331,-3.6739
-0.098679,11.085,0.28331,-3.6455
-0.098679,11.075,0.28331,-3.6172
-0.098679,11.065,0.28331,-3.5889
-0.098679,11.056,0.28331,-3.5606
-0.098679,11.046,0.28331,-3.5322
-0.098679,11.036,0.28331,-3.5039
-0.098679,11.026,0.28331,-3.4756
-0.098679,11.016,0.28331,-3.4472
-0.098679,11.006,0.28331,-3.4189
-0.098679,10.996,0.28331,-3.3906
-0.098679,10.987,0.28331,-3.3622
-0.098679,10.977,0.28331,-3.3339
-0.098679,10.967,0.28331,-3.3056
-0.098679,10.957,0.28331,-3.2772
-0.098679,10.947,0.28331,-3.2489
-0.098679,10.937,0.28331,-3.2206
-0.098679,10.927,0.28331,-3.1923
-0.098679,10.917,0.28331,-3.1639
-0.098679,10.908,0.28331,-3.1356
-0.098679,10.898,0.28331,-3.1073
-0.098679,10.888,0.28331,-3.0789
-0.098679,10.878,0.28331,-3.0506
-0.098679,10.868,0.28331,-3.0223
-0.098679,10.858,0.28331,-2.9939
-0.098679,10.848,0.28331,-2.9656
-0.098679,10.838,0.28331,-2.9373
-0.098679,10.829,0.28331,-2.9089
-0.098679,10.819,0.28331,-2.8806
-0.098679,10.809,0.28331,-2.8523
-0.098679,10.799,0.28331,-2.824
-0.098679,10.789,0.28331,-2.7956
-0.098679,10.779,0.28331,-2.7673
-0.098679,10.769,0.28331,-2.739
-0.098679,10.76,0.28331,-2.7106
-0.098679,10.75,0.28331,-2.6823
-0.098679,10.74,0.28331,-2.654
-0.098679,10.73,0.28331,-2.6256
-0.098679,10.72,0.28331,-2.5973
-0.098679,10.71,0.28331,-2.569
-0.098679,10.7,0.28331,-2.5407
-0.098679,10.69,0.28331,-2.5123
-0.098679,10.681,0.28331,-2.484
-0.098679,10.671,0.28331,-2.4557
-0.098679,10.661,0.28331,-2.4273
-0.098679,10.651,0.28331,-2.399
-0.098679,10.641,0.28331,-2.3707
-0.098679,10.631,0.28331,-2.3423
-0.098679,10.621,0.28331,-2.314
-0.098679,10.612,0.28331,-2.2857
-0.098679,10.602,0.28331,-2.2573
-0.098679,10.592,0.28331,-2.229
-0.098679,10.582,0.28331,-2.2007
-0.098679,10.572,0.28331,-2.1724
-0.098679,10.562,0.28331,-2.144
-0.098679,10.552,0.28331,-2.1157
-0.098679,10.542,0.28331,-2.0874
-0.098679,10.533,0.28331,-2.059
-0.098679,10.523,0.28331,-2.0307
-0.098679,10.513,0.28331,-2.0024
-0.098679,10.503,0.28331,-1.974
-0.098679,10.493,0.28331,-1.9457
-0.098679,10.483,0.28331,-1.9174
-0.098679,10.473,0.28331,-1.889
-0.098679,10.464,0.28331,-1.8607
-0.098679,10.454,0.28331,-1.8324
-0.098679,10.444,0.28331,-1.8041
-0.098679,10.434,0.28331,-1.7757
-0.098679,10.424,0.28331,-1.7474
-0.098679,10.414,0.28331,-1.7191
-0.098679,10.404,0.28331,-1.6907
-0.098679,10.394,0.28331,-1.6624
-0.098679,10.385,0.28331,-1.6341
-0.098679,10.375,0.28331,-1.6057
-0.098679,10.365,0.28331,-1.5774
-0.098679,10.355,0.28331,-1.5491
-0.098679,10.345,0.28331,-1.5207
-0.098679,10.335,0.28331,-1.4924
-0.098679,10.325,0.28331,-1.4641
-0.098679,10.315,0.28331,-1.4358
-0.098679,10.306,0.28331,-1.4074
-0.098679,10.296,0.28331,-1.3791
-0.098679,10.286,0.28331,-1.3508
-0.098679,10.276,0.28331,-1.3224
-0.098679,10.266,0.28331,-1.2941
-0.098679,10.256,0.28331,-1.2658
-0.098679,10.246,0.28331,-1.2374
-0.098679,10.237,0.28331,-1.2091
-0.098679,10.227,0.28331,-1.1808
-0.098679,10.217,0.28331,-1.1525
-0.098679,10.207,0.28331,-1.1241
-0.098679,10.197,0.28331,-1.0958
-0.098679,10.187,0.28331,-1.0675
-0.098679,10.177,0.28331,-1.0391
-0.098679,10.167,0.28331,-1.0108
-0.098679,10.158,0.28331,-0.98247
-0.098679,10.148,0.28331,-0.95414
-0.098679,10.138,0.28331,-0.92581
-0.098679,10.128,0.28331,-0.89747
-0.098679,10.118,0.28331,-0.86914
-0.098679,10.108,0.28331,-0.84081
-0.098679,10.098,0.28331,-0.81248
-0.098679,10.089,0.28331,-0.78415
-0.098679,10.079,0.28331,-0.75582
-0.098679,10.069,0.28331,-0.72749
-0.098679,10.059,0.28331,-0.69916
-0.098679,10.049,0.28331,-0.67083
-0.098679,10.039,0.28331,-0.6425
-0.098679,10.029,0.28331,-0.61417
-0.098679,10.019,0.28331,-0.58584
-0.098679,10.01,0.28331,-0.55751
-0.098679,9.9997,0.28331,-0.52918
-0.098679,9.9898,0.28331,-0.50085
-0.098679,9.98,0.28331,-0.47252
-0.088811,9.9706,0.25498,-0.4456
-0.078944,9.9622,0.22664,-0.42152
-0.069076,9.9548,0.19831,-0.40027
-0.059208,9.9484,0.16998,-0.38186
-0.04934,9.943,0.14165,-0.36628
-0.039472,9.9385,0.11332,-0.35353
-0.029604,9.9351,0.084992,-0.34361
-0.019736,9.9326,0.056661,-0.33653
-0.0098679,9.9311,0.028331,-0.33228
0,9.9311,0,-0.33228
0,9.9311,0,-0.33228
0,9.9311,0,-0.33228
0,9.9311,0,-0.33228
0,9.9311,0,-0.33228
0,9.9311,0,-0.33228
0,9.9311,0,-0.33228
0,9.9311,0,-0.33228
0,9.9311,0,-0.33228
0,9.9311,0,-0.33228
-0.016768,9.9303,0.024876,-0.33104
-0.033536,9.9278,0.049753,-0.3273
-0.050304,9.9236,0.074629,-0.32108
-0.067072,9.9177,0.099505,-0.31238
-0.08384,9.9102,0.12438,-0.30118
-0.10061,9.901,0.14926,-0.2875
-0.11738,9.8901,0.17413,-0.27133
-0.13414,9.8775,0.19901,-0.25267
-0.15091,9.8632,0.22389,-0.23153
-0.16768,9.8473,0.24876,-0.2079
-0.18445,9.8297,0.27364,-0.18178
-0.16768,9.8221,0.24876,-0.17058
-0.16768,9.8054,0.24876,-0.14571
-0.16768,9.7886,0.24876,-0.12083
-0.16768,9.7718,0.24876,-0.095954
-0.16768,9.7551,0.24876,-0.071077
-0.16768,9.7383,0.24876,-0.046201
-0.16768,9.7215,0.24876,-0.021325
-0.16768,9.7048,0.24876,0.0035518
-0.16768,9.688,0.24876,0.028428
-0.16768,9.6712,0.24876,0.053305
-0.16768,9.6545,0.24876,0.078181
-0.16768,9.6377,0.24876,0.10306
-0.16768,9.6209,0.24876,0.12793
-0.16768,9.6042,0.24876,0.15281
-0.16768,9.5874,0.24876,0.17769
-0.16768,9.5706,0.24876,0.20256
-0.16768,9.5539,0.24876,0.22744
-0.16768,9.5371,0.24876,0.25232
-0.16768,9.5203,0.24876,0.27719
-0.16768,9.5035,0.24876,0.30207
-0.16768,9.4868,0.24876,0.32694
-0.16768,9.47,0.24876,0.35182
-0.16768,9.4532,0.24876,0.3767
-0.16768,9.4365,0.24876,0.40157
-0.16768,9.4197,0.24876,0.42645
-0.16768,9.4029,0.24876,0.45133
-0.16768,9.3862,0.24876,0.4762
-0.16768,9.3694,0.24876,0.50108
-0.16768,9.3526,0.24876,0.52596
-0.16768,9.3359,0.24876,0.55083
-0.16768,9.3191,0.24876,0.57571
-0.16768,9.3023,0.24876,0.60058
-0.16768,9.2856,0.24876,0.62546
-0.16768,9.2688,0.24876,0.65034
-0.16768,9.252,0.24876,0.67521
-0.16768,9.2353,0.24876,0.70009
-0.16768,9.2185,0.24876,0.72497
-0.16768,9.2017,0.24876,0.74984
-0.16768,9.185,0.24876,0.77472
-0.16768,9.1682,0.24876,0.7996
-0.16768,9.1514,0.24876,0.82447
-0.16768,9.1347,0.24876,0.84935
-0.16768,9.1179,0.24876,0.87422
-0.16768,9.1011,0.24876,0.8991
-0.16768,9.0843,0.24876,0.92398
-0.16768,9.0676,0.24876,0.94885
-0.16768,9.0508,0.24876,0.97373
-0.15091,9.0349,0.22389,0.99736
-0.13414,9.0206,0.19901,1.0185
-0.11738,9.0081,0.17413,1.0372
-0.10061,8.9972,0.14926,1.0533
-0.08384,8.9879,0.12438,1.067
-0.067072,8.9804,0.099505,1.0782
-0.050304,8.9745,0.074629,1.0869
-0.033536,8.9703,0.049753,1.0931
-0.016768,8.9678,0.024876,1.0969
0,8.9678,0,1.0969
0,8.9678,0,1.0969
0,8.9678,0,1.0969
0,8.9678,0,1.0969
0,8.9678,0,1.0969
0,8.9678,0,1.0969
0,8.9678,0,1.0969
0,8.9678,0,1.0969
0,8.9678,0,1.0969
0,8.9678,0,1.0969
-0.029508,8.9663,0.0054089,1.0971
-0.059017,8.9619,0.010818,1.0979
-0.088525,8.9545,0.016227,1.0993
-0.11803,8.9442,0.021636,1.1012
-0.14754,8.9309,0.027045,1.1036
-0.17705,8.9147,0.032454,1.1066
-0.20656,8.8955,0.037862,1.1101
-0.23607,8.8734,0.043271,1.1142
-0.26558,8.8483,0.04868,1.1188
-0.29508,8.8203,0.054089,1.1239
-0.32459,8.7893,0.059498,1.1296
-0.29508,8.776,0.054089,1.132
-0.29508,8.7465,0.054089,1.1374
-0.29508,8.717,0.054089,1.1428
-0.29508,8.6875,0.054089,1.1483
-0.29508,8.658,0.054089,1.1537
-0.29508,8.6285,0.054089,1.1591
-0.29508,8.599,0.054089,1.1645
-0.29508,8.5694,0.054089,1.1699
-0.29508,8.5399,0.054089,1.1753
-0.29508,8.5104,0.054089,1.1807
-0.29508,8.4809,0.054089,1.1861
-0.29508,8.4514,0.054089,1.1915
-0.29508,8.4219,0.054089,1.1969
-0.29508,8.3924,0.054089,1.2023
-0.29508,8.3629,0.054089,1.2078
-0.29508,8.3334,0.054089,1.2132
-0.29508,8.3039,0.054089,1.2186
-0.29508,8.2744,0.054089,1.224
-0.29508,8.2449,0.054089,1.2294
-0.29508,8.2153,0.054089,1.2348
-0.29508,8.1858,0.054089,1.2402
-0.29508,8.1563,0.054089,1.2456
-0.29508,8.1268,0.054089,1.251
-0.29508,8.0973,0.054089,1.2564
-0.29508,8.0678,0.054089,1.2618
-0.29508,8.0383,0.054089,1.2672
-0.29508,8.0088,0.054089,1.2727
-0.29508,7.9793,0.054089,1.2781
-0.29508,7.9498,0.054089,1.2835
-0.29508,7.9203,0.054089,1.2889
-0.29508,7.8908,0.054089,1.2943
-0.29508,7.8612,0.054089,1.2997
-0.29508,7.8317,0.054089,1.3051
-0.29508,7.8022,0.054089,1.3105
-0.29508,7.7727,0.054089,1.3159
-0.29508,7.7432,0.054089,1.3213
-0.29508,7.7137,0.054089,1.3267
-0.29508,7.6842,0.054089,1.3322
-0.29508,7.6547,0.054089,1.3376
-0.26558,7.6267,0.04868,1.3427
-0.23607,7.6016,0.043271,1.3473
-0.20656,7.5794,0.037862,1.3514
-0.17705,7.5603,0.032454,1.3549
-0.14754,7.544,0.027045,1.3578
-0.11803,7.5308,0.021636,1.3603
-0.088525,7.5204,0.016227,1.3622
-0.059017,7.513,0.010818,1.3635
-0.029508,7.5086,0.0054089,1.3643
0,7.5086,0,1.3643
0,7.5086,0,1.3643
0,7.5086,0,1.3643
0,7.5086,0,1.3643
0,7.5086,0,1.3643
0,7.5086,0,1.3643
0,7.5086,0,1.3643
0,7.5086,0,1.3643
0,7.5086,0,1.3643
0,7.5086,0,1.3643
-0.026865,7.5073,-0.013351,1.3637
-0.053731,7.5032,-0.026702,1.3617
-0.080596,7.4965,-0.040053,1.3583
-0.10746,7.4871,-0.053404,1.3537
-0.13433,7.475,-0.066755,1.3477
-0.16119,7.4603,-0.080106,1.3403
-0.18806,7.4428,-0.093457,1.3316
-0.21492,7.4227,-0.10681,1.3216
-0.24179,7.3998,-0.12016,1.3103
-0.26865,7.3743,-0.13351,1.2976
-0.29552,7.3461,-0.14686,1.2836
-0.26865,7.334,-0.13351,1.2776
-0.26865,7.3071,-0.13351,1.2642
-0.26865,7.2803,-0.13351,1.2509
-0.26865,7.2534,-0.13351,1.2375
-0.26865,7.2265,-0.13351,1.2242
-0.26865,7.1997,-0.13351,1.2108
-0.26865,7.1728,-0.13351,1.1975
-0.26865,7.1459,-0.13351,1.1841
-0.26865,7.1191,-0.13351,1.1707
-0.26865,7.0922,-0.13351,1.1574
-0.26865,7.0653,-0.13351,1.144
-0.26865,7.0385,-0.13351,1.1307
-0.26865,7.0116,-0.13351,1.1173
-0.26865,6.9847,-0.13351,1.104
-0.26865,6.9579,-0.13351,1.0906
-0.26865,6.931,-0.13351,1.0773
-0.26865,6.9042,-0.13351,1.0639
-0.26865,6.8773,-0.13351,1.0506
-0.26865,6.8504,-0.13351,1.0372
-0.26865,6.8236,-0.13351,1.0239
-0.26865,6.7967,-0.13351,1.0105
-0.26865,6.7698,-0.13351,0.99719
-0.26865,6.743,-0.13351,0.98384
-0.26865,6.7161,-0.13351,0.97048
-0.26865,6.6892,-0.13351,0.95713
-0.26865,6.6624,-0.13351,0.94378
-0.26865,6.6355,-0.13351,0.93043
-0.26865,6.6086,-0.13351,0.91708
-0.26865,6.5818,-0.13351,0.90373
-0.26865,6.5549,-0.13351,0.89038
-0.26865,6.528,-0.13351,0.87703
-0.26865,6.5012,-0.13351,0.86368
-0.26865,6.4743,-0.13351,0.85032
-0.26865,6.4474,-0.13351,0.83697
-0.26865,6.4206,-0.13351,0.82362
-0.26865,6.3937,-0.13351,0.81027
-0.26865,6.3668,-0.13351,0.79692
-0.26865,6.34,-0.13351,0.78357
-0.26865,6.3131,-0.13351,0.77022
-0.26865,6.2862,-0.13351,0.75687
-0.26865,6.2594,-0.13351,0.74352
-0.26865,6.2325,-0.13351,0.73017
-0.26865,6.2057,-0.13351,0.71681
-0.26865,6.1788,-0.13351,0.70346
-0.26865,6.1519,-0.13351,0.69011
-0.26865,6.1251,-0.13351,0.67676
-0.26865,6.0982,-0.13351,0.66341
-0.26865,6.0713,-0.13351,0.65006
-0.26865,6.0445,-0.13351,0.63671
-0.26865,6.0176,-0.13351,0.62336
-0.26865,5.9907,-0.13351,0.61001
-0.26865,5.9639,-0.13351,0.59666
-0.26865,5.937,-0.13351,0.5833
-0.26865,5.9101,-0.13351,0.56995
-0.26865,5.8833,-0.13351,0.5566
-0.26865,5.8564,-0.13351,0.54325
-0.26865,5.8295,-0.13351,0.5299
-0.26865,5.8027,-0.13351,0.51655
-0.26865,5.7758,-0.13351,0.5032
-0.26865,5.7489,-0.13351,0.48985
-0.26865,5.7221,-0.13351,0.4765
-0.26865,5.6952,-0.13351,0.46315
-0.26865,5.6683,-0.13351,0.44979
-0.26865,5.6415,-0.13351,0.43644
-0.26865,5.6146,-0.13351,0.42309
-0.26865,5.5877,-0.13351,0.40974
-0.26865,5.5609,-0.13351,0.39639
-0.26865,5.534,-0.13351,0.38304
-0.26865,5.5072,-0.13351,0.36969
-0.26865,5.4803,-0.13351,0.35634
-0.26865,5.4534,-0.13351,0.34299
-0.26865,5.4266,-0.13351,0.32963
-0.26865,5.3997,-0.13351,0.31628
-0.26865,5.3728,-0.13351,0.30293
-0.26865,5.346,-0.13351,0.28958
-0.26865,5.3191,-0.13351,0.27623
-0.26865,5.2922,-0.13351,0.26288
-0.26865,5.2654,-0.13351,0.24953
-0.26865,5.2385,-0.13351,0.23618
-0.26865,5.2116,-0.13351,0.22283
-0.24179,5.1861,-0.12016,0.21014
-0.21492,5.1633,-0.10681,0.19879
-0.18806,5.1431,-0.093457,0.18878
-0.16119,5.1257,-0.080106,0.1801
-0.13433,5.1109,-0.066755,0.17276
-0.10746,5.0988,-0.053404,0.16675
-0.080596,5.0894,-0.040053,0.16208
-0.053731,5.0827,-0.026702,0.15874
-0.026865,5.0786,-0.013351,0.15674
0,5.0786,0,0.15674
0,5.0786,0,0.15674
0,5.0786,0,0.15674
0,5.0786,0,0.15674
0,5.0786,0,0.15674
0,5.0786,0,0.15674
0,5.0786,0,0.15674
0,5.0786,0,0.15674
0,5.0786,0,0.15674
0,5.0786,0,0.15674
-0.0010207,5.0786,-0.029983,0.15524
-0.0020414,5.0784,-0.059965,0.15074
-0.0030621,5.0782,-0.089948,0.14325
-0.0040828,5.0778,-0.11993,0.13275
-0.0051035,5.0774,-0.14991,0.11926
-0.0061242,5.0768,-0.1799,0.10277
-0.0071449,5.0761,-0.20988,0.083281
-0.0081656,5.0754,-0.23986,0.060795
-0.0091863,5.0745,-0.26984,0.035309
-0.010207,5.0735,-0.29983,0.0068258
-0.011228,5.0725,-0.32981,-0.024656
-0.010207,5.072,-0.29983,-0.038148
-0.010207,5.071,-0.29983,-0.068131
-0.010207,5.07,-0.29983,-0.098113
-0.010207,5.069,-0.29983,-0.1281
-0.010207,5.0679,-0.29983,-0.15808
-0.010207,5.0669,-0.29983,-0.18806
-0.010207,5.0659,-0.29983,-0.21804
-0.010207,5.0649,-0.29983,-0.24803
-0.010207,5.0638,-0.29983,-0.27801
-0.010207,5.0628,-0.29983,-0.30799
-0.010207,5.0618,-0.29983,-0.33797
-0.010207,5.0608,-0.29983,-0.36796
-0.010207,5.0598,-0.29983,-0.39794
-0.010207,5.0587,-0.29983,-0.42792
-0.010207,5.0577,-0.29983,-0.45791
-0.010207,5.0567,-0.29983,-0.48789
-0.010207,5.0557,-0.29983,-0.51787
-0.010207,5.0547,-0.29983,-0.54785
-0.010207,5.0536,-0.29983,-0.57784
-0.010207,5.0526,-0.29983,-0.60782
-0.010207,5.0516,-0.29983,-0.6378
-0.010207,5.0506,-0.29983,-0.66778
-0.010207,5.0496,-0.29983,-0.69777
-0.010207,5.0485,-0.29983,-0.72775
-0.010207,5.0475,-0.29983,-0.75773
-0.010207,5.0465,-0.29983,-0.78771
-0.010207,5.0455,-0.29983,-0.8177
-0.010207,5.0445,-0.29983,-0.84768
-0.010207,5.0434,-0.29983,-0.87766
-0.010207,5.0424,-0.29983,-0.90764
-0.010207,5.0414,-0.29983,-0.93763
-0.010207,5.0404,-0.29983,-0.96761
-0.010207,5.0393,-0.29983,-0.99759
-0.010207,5.0383,-0.29983,-1.0276
-0.010207,5.0373,-0.29983,-1.0576
-0.010207,5.0363,-0.29983,-1.0875
-0.010207,5.0353,-0.29983,-1.1175
-0.010207,5.0342,-0.29983,-1.1475
-0.010207,5.0332,-0.29983,-1.1775
-0.010207,5.0322,-0.29983,-1.2075
-0.010207,5.0312,-0.29983,-1.2375
-0.010207,5.0302,-0.29983,-1.2674
-0.010207,5.0291,-0.29983,-1.2974
-0.010207,5.0281,-0.29983,-1.3274
-0.010207,5.0271,-0.29983,-1.3574
-0.010207,5.0261,-0.29983,-1.3874
-0.010207,5.0251,-0.29983,-1.4173
-0.010207,5.024,-0.29983,-1.4473
-0.0091863,5.0231,-0.26984,-1.4758
-0.0081656,5.0222,-0.23986,-1.5013
-0.0071449,5.0214,-0.20988,-1.5238
-0.0061242,5.0208,-0.1799,-1.5433
-0.0051035,5.0202,-0.14991,-1.5598
-0.0040828,5.0198,-0.11993,-1.5733
-0.0030621,5.0194,-0.089948,-1.5838
-0.0020414,5.0191,-0.059965,-1.5912
-0.0010207,5.019,-0.029983,-1.5957
0,5.019,0,-1.5957
0,5.019,0,-1.5957
0,5.019,0,-1.5957
0,5.019,0,-1.5957
0,5.019,0,-1.5957
0,5.019,0,-1.5957
0,5.019,0,-1.5957
0,5.019,0,-1.5957
0,5.019,0,-1.5957
0,5.019,0,-1.5957
0.011425,5.0196,-0.027739,-1.5971
0.022849,5.0213,-0.055479,-1.6013
0.034274,5.0241,-0.083218,-1.6082
0.045699,5.0281,-0.11096,-1.6179
0.057123,5.0333,-0.1387,-1.6304
0.068548,5.0396,-0.16644,-1.6457
0.079973,5.047,-0.19418,-1.6637
0.091398,5.0555,-0.22192,-1.6845
0.10282,5.0653,-0.24965,-1.7081
0.11425,5.0761,-0.27739,-1.7344
0.12567,5.0881,-0.30513,-1.7636
0.11425,5.0932,-0.27739,-1.7761
0.11425,5.1047,-0.27739,-1.8038
0.11425,5.1161,-0.27739,-1.8315
0.11425,5.1275,-0.27739,-1.8593
0.11425,5.1389,-0.27739,-1.887
0.11425,5.1504,-0.27739,-1.9147
0.11425,5.1618,-0.27739,-1.9425
0.11425,5.1732,-0.27739,-1.9702
0.11425,5.1846,-0.27739,-1.998
0.11425,5.1961,-0.27739,-2.0257
0.11425,5.2075,-0.27739,-2.0534
0.11425,5.2189,-0.27739,-2.0812
0.11425,5.2303,-0.27739,-2.1089
0.11425,5.2418,-0.27739,-2.1367
0.11425,5.2532,-0.27739,-2.1644
0.11425,5.2646,-0.27739,-2.1921
0.11425,5.276,-0.27739,-2.2199
0.11425,5.2875,-0.27739,-2.2476
0.11425,5.2989,-0.27739,-2.2754
0.11425,5.3103,-0.27739,-2.3031
0.11425,5.3217,-0.27739,-2.3308
0.11425,5.3332,-0.27739,-2.3586
0.11425,5.3446,-0.27739,-2.3863
0.11425,5.356,-0.27739,-2.4141
0.11425,5.3674,-0.27739,-2.4418
0.11425,5.3789,-0.27739,-2.4695
0.11425,5.3903,-0.27739,-2.4973
0.11425,5.4017,-0.27739,-2.525
0.11425,5.4131,-0.27739,-2.5528
0.11425,5.4246,-0.27739,-2.5805
0.11425,5.436,-0.27739,-2.6082
0.11425,5.4474,-0.27739,-2.636
0.11425,5.4588,-0.27739,-2.6637
0.11425,5.4703,-0.27739,-2.6915
0.11425,5.4817,-0.27739,-2.7192
0.11425,5.4931,-0.27739,-2.7469
0.11425,5.5045,-0.27739,-2.7747
0.11425,5.516,-0.27739,-2.8024
0.11425,5.5274,-0.27739,-2.8302
0.11425,5.5388,-0.27739,-2.8579
0.11425,5.5502,-0.27739,-2.8856
0.11425,5.5617,-0.27739,-2.9134
0.11425,5.5731,-0.27739,-2.9411
0.11425,5.5845,-0.27739,-2.9688
0.11425,5.5959,-0.27739,-2.9966
0.11425,5.6074,-0.27739,-3.0243
0.11425,5.6188,-0.27739,-3.0521
0.11425,5.6302,-0.27739,-3.0798
0.11425,5.6416,-0.27739,-3.1075
0.11425,5.6531,-0.27739,-3.1353
0.11425,5.6645,-0.27739,-3.163
0.11425,5.6759,-0.27739,-3.1908
0.11425,5.6873,-0.27739,-3.2185
0.11425,5.6988,-0.27739,-3.2462
0.11425,5.7102,-0.27739,-3.274
0.11425,5.7216,-0.27739,-3.3017
0.11425,5.733,-0.27739,-3.3295
0.11425,5.7445,-0.27739,-3.3572
0.11425,5.7559,-0.27739,-3.3849
0.11425,5.7673,-0.27739,-3.4127
0.11425,5.7787,-0.27739,-3.4404
0.10282,5.7896,-0.24965,-3.4668
0.091398,5.7993,-0.22192,-3.4903
0.079973,5.8079,-0.19418,-3.5112
0.068548,5.8153,-0.16644,-3.5292
0.057123,5.8216,-0.1387,-3.5444
0.045699,5.8267,-0.11096,-3.5569
0.034274,5.8307,-0.083218,-3.5666
0.022849,5.8336,-0.055479,-3.5736
0.011425,5.8353,-0.027739,-3.5777
0,5.8353,0,-3.5777
0,5.8353,0,-3.5777
0,5.8353,0,-3.5777
0,5.8353,0,-3.5777
0,5.8353,0,-3.5777
0,5.8353,0,-3.5777
0,5.8353,0,-3.5777
0,5.8353,0,-3.5777
0,5.8353,0,-3.5777
0,5.8353,0,-3.5777
0.023633,5.8365,-0.018479,-3.5787
0.047266,5.84,-0.036958,-3.5814
0.070899,5.8459,-0.055437,-3.586
0.094533,5.8542,-0.073916,-3.5925
0.11817,5.8648,-0.092395,-3.6008
0.1418,5.8778,-0.11087,-3.611
0.16543,5.8932,-0.12935,-3.623
0.18907,5.9109,-0.14783,-3.6369
0.2127,5.931,-0.16631,-3.6526
0.23633,5.9534,-0.18479,-3.6701
0.25996,5.9783,-0.20327,-3.6895
0.23633,5.9889,-0.18479,-3.6978
0.23633,6.0125,-0.18479,-3.7163
0.23633,6.0362,-0.18479,-3.7348
0.23633,6.0598,-0.18479,-3.7533
0.23633,6.0834,-0.18479,-3.7718
0.23633,6.1071,-0.18479,-3.7902
0.23633,6.1307,-0.18479,-3.8087
0.23633,6.1543,-0.18479,-3.8272
0.23633,6.178,-0.18479,-3.8457
0.23633,6.2016,-0.18479,-3.8642
0.23633,6.2252,-0.18479,-3.8826
0.23633,6.2489,-0.18479,-3.9011
0.23633,6.2725,-0.18479,-3.9196
0.23633,6.2961,-0.18479,-3.9381
0.23633,6.3198,-0.18479,-3.9565
0.23633,6.3434,-0.18479,-3.975
0.23633,6.367,-0.18479,-3.9935
0.23633,6.3907,-0.18479,-4.012
0.23633,6.4143,-0.18479,-4.0305
0.23633,6.4379,-0.18479,-4.0489
0.23633,6.4616,-0.18479,-4.0674
0.23633,6.4852,-0.18479,-4.0859
0.23633,6.5088,-0.18479,-4.1044
0.23633,6.5325,-0.18479,-4.1229
0.23633,6.5561,-0.18479,-4.1413
0.23633,6.5797,-0.18479,-4.1598
0.23633,6.6034,-0.18479,-4.1783
0.23633,6.627,-0.18479,-4.1968
0.23633,6.6506,-0.18479,-4.2153
0.23633,6.6743,-0.18479,-4.2337
0.23633,6.6979,-0.18479,-4.2522
0.23633,6.7215,-0.18479,-4.2707
0.23633,6.7452,-0.18479,-4.2892
0.23633,6.7688,-0.18479,-4.3077
0.23633,6.7924,-0.18479,-4.3261
0.23633,6.8161,-0.18479,-4.3446
0.23633,6.8397,-0.18479,-4.3631
0.23633,6.8633,-0.18479,-4.3816
0.23633,6.887,-0.18479,-4.4
0.23633,6.9106,-0.18479,-4.4185
0.23633,6.9342,-0.18479,-4.437
0.23633,6.9579,-0.18479,-4.4555
0.23633,6.9815,-0.18479,-4.474
0.23633,7.0051,-0.18479,-4.4924
0.23633,7.0288,-0.18479,-4.5109
0.23633,7.0524,-0.18479,-4.5294
0.23633,7.076,-0.18479,-4.5479
0.23633,7.0997,-0.18479,-4.5664
0.23633,7.1233,-0.18479,-4.5848
0.23633,7.1469,-0.18479,-4.6033
0.23633,7.1706,-0.18479,-4.6218
0.23633,7.1942,-0.18479,-4.6403
0.23633,7.2178,-0.18479,-4.6588
0.23633,7.2415,-0.18479,-4.6772
0.23633,7.2651,-0.18479,-4.6957
0.23633,7.2887,-0.18479,-4.7142
0.23633,7.3124,-0.18479,-4.7327
0.23633,7.336,-0.18479,-4.7511
0.23633,7.3596,-0.18479,-4.7696
0.23633,7.3833,-0.18479,-4.7881
0.23633,7.4069,-0.18479,-4.8066
0.23633,7.4305,-0.18479,-4.8251
0.23633,7.4542,-0.18479,-4.8435
0.23633,7.4778,-0.18479,-4.862
0.23633,7.5014,-0.18479,-4.8805
0.23633,7.5251,-0.18479,-4.899
0.23633,7.5487,-0.18479,-4.9175
0.23633,7.5723,-0.18479,-4.9359
0.23633,7.596,-0.18479,-4.9544
0.23633,7.6196,-0.18479,-4.9729
0.23633,7.6432,-0.18479,-4.9914
0.23633,7.6669,-0.18479,-5.0099
0.23633,7.6905,-0.18479,-5.0283
0.23633,7.7141,-0.18479,-5.0468
0.23633,7.7377,-0.18479,-5.0653
0.23633,7.7614,-0.18479,-5.0838
0.23633,7.785,-0.18479,-5.1022
0.23633,7.8086,-0.18479,-5.1207
0.23633,7.8323,-0.18479,-5.1392
0.23633,7.8559,-0.18479,-5.1577
0.2127,7.8784,-0.16631,-5.1752
0.18907,7.8985,-0.14783,-5.1909
0.16543,7.9162,-0.12935,-5.2048
0.1418,7.9315,-0.11087,-5.2168
0.11817,7.9445,-0.092395,-5.227
0.094533,7.9552,-0.073916,-5.2353
0.070899,7.9634,-0.055437,-5.2418
0.047266,7.9694,-0.036958,-5.2464
0.023633,7.9729,-0.018479,-5.2492
0,7.9729,0,-5.2492
0,7.9729,0,-5.2492
0,7.9729,0,-5.2492
0,7.9729,0,-5.2492
0,7.9729,0,-5.2492
0,7.9729,0,-5.2492
0,7.9729,0,-5.2492
0,7.9729,0,-5.2492
0,7.9729,0,-5.2492
0,7.9729,0,-5.2492
0.028396,7.9743,0.009677,-5.2487
0.056793,7.9786,0.019354,-5.2472
0.085189,7.9857,0.029031,-5.2448
0.11359,7.9956,0.038708,-5.2414
0.14198,8.0084,0.048385,-5.2371
0.17038,8.024,0.058062,-5.2317
0.19877,8.0425,0.067739,-5.2254
0.22717,8.0638,0.077416,-5.2182
0.25557,8.0879,0.087093,-5.21
0.28396,8.1149,0.09677,-5.2008
0.31236,8.1447,0.10645,-5.1906
0.28396,8.1575,0.09677,-5.1863
0.28396,8.1859,0.09677,-5.1766
0.28396,8.2143,0.09677,-5.1669
0.28396,8.2427,0.09677,-5.1572
0.28396,8.2711,0.09677,-5.1475
0.28396,8.2995,0.09677,-5.1379
0.28396,8.3279,0.09677,-5.1282
0.28396,8.3563,0.09677,-5.1185
0.28396,8.3846,0.09677,-5.1088
0.28396,8.413,0.09677,-5.0992
0.28396,8.4414,0.09677,-5.0895
0.28396,8.4698,0.09677,-5.0798
0.28396,8.4982,0.09677,-5.0701
0.28396,8.5266,0.09677,-5.0605
0.28396,8.555,0.09677,-5.0508
0.28396,8.5834,0.09677,-5.0411
0.28396,8.6118,0.09677,-5.0314
0.28396,8.6402,0.09677,-5.0217
0.28396,8.6686,0.09677,-5.0121
0.28396,8.697,0.09677,-5.0024
0.28396,8.7254,0.09677,-4.9927
0.28396,8.7538,0.09677,-4.983
0.28396,8.7822,0.09677,-4.9734
0.28396,8.8106,0.09677,-4.9637
0.28396,8.839,0.09677,-4.954
0.28396,8.8674,0.09677,-4.9443
0.28396,8.8958,0.09677,-4.9347
0.28396,8.9242,0.09677,-4.925
0.28396,8.9526,0.09677,-4.9153
0.28396,8.981,0.09677,-4.9056
0.28396,9.0094,0.09677,-4.8959
0.28396,9.0378,0.09677,-4.8863
0.28396,9.0662,0.09677,-4.8766
0.28396,9.0946,0.09677,-4.8669
0.28396,9.123,0.09677,-4.8572
0.28396,9.1514,0.09677,-4.8476
0.28396,9.1797,0.09677,-4.8379
0.28396,9.2081,0.09677,-4.8282
0.25557,9.2351,0.087093,-4.819
0.22717,9.2593,0.077416,-4.8108
0.19877,9.2806,0.067739,-4.8035
0.17038,9.299,0.058062,-4.7972
0.14198,9.3146,0.048385,-4.7919
0.11359,9.3274,0.038708,-4.7876
0.085189,9.3373,0.029031,-4.7842
0.056793,9.3444,0.019354,-4.7818
0.028396,9.3487,0.009677,-4.7803
0,9.3487,0,-4.7803
0,9.3487,0,-4.7803
0,9.3487,0,-4.7803
0,9.3487,0,-4.7803
0,9.3487,0,-4.7803
0,9.3487,0,-4.7803
0,9.3487,0,-4.7803
0,9.3487,0,-4.7803
0,9.3487,0,-4.7803
0,9.3487,0,-4.7803
-0.010013,9.3482,0.02828,-4.7789
-0.020026,9.3467,0.056559,-4.7746
-0.03004,9.3442,0.084839,-4.7676
-0.040053,9.3407,0.11312,-4.7577
-0.050066,9.3362,0.1414,-4.745
-0.060079,9.3307,0.16968,-4.7294
-0.070092,9.3242,0.19796,-4.711
-0.080106,9.3167,0.22624,-4.6898
-0.090119,9.3082,0.25452,-4.6658
-0.10013,9.2986,0.2828,-4.6389
-0.11015,9.2881,0.31108,-4.6092
-0.10013,9.2836,0.2828,-4.5965
-0.10013,9.2736,0.2828,-4.5682
-0.10013,9.2636,0.2828,-4.5399
-0.10013,9.2536,0.2828,-4.5116
-0.10013,9.2436,0.2828,-4.4834
-0.10013,9.2336,0.2828,-4.4551
-0.10013,9.2235,0.2828,-4.4268
-0.10013,9.2135,0.2828,-4.3985
-0.10013,9.2035,0.2828,-4.3703
-0.10013,9.1935,0.2828,-4.342
-0.10013,9.1835,0.2828,-4.3137
-0.10013,9.1735,0.2828,-4.2854
-0.10013,9.1635,0.2828,-4.2571
-0.10013,9.1534,0.2828,-4.2289
-0.10013,9.1434,0.2828,-4.2006
-0.10013,9.1334,0.2828,-4.1723
-0.10013,9.1234,0.2828,-4.144
-0.10013,9.1134,0.2828,-4.1157
-0.10013,9.1034,0.2828,-4.0875
-0.10013,9.0934,0.2828,-4.0592
-0.10013,9.0834,0.2828,-4.0309
-0.10013,9.0733,0.2828,-4.0026
-0.10013,9.0633,0.2828,-3.9743
-0.10013,9.0533,0.2828,-3.9461
-0.10013,9.0433,0.2828,-3.9178
-0.10013,9.0333,0.2828,-3.8895
-0.10013,9.0233,0.2828,-3.8612
-0.10013,9.0133,0.2828,-3.8329
-0.10013,9.0032,0.2828,-3.8047
-0.10013,8.9932,0.2828,-3.7764
-0.10013,8.9832,0.2828,-3.7481
-0.10013,8.9732,0.2828,-3.7198
-0.10013,8.9632,0.2828,-3.6915
-0.10013,8.9532,0.2828,-3.6633
-0.10013,8.9432,0.2828,-3.635
-0.10013,8.9332,0.2828,-3.6067
-0.10013,8.9231,0.2828,-3.5784
-0.10013,8.9131,0.2828,-3.5501
-0.10013,8.9031,0.2828,-3.5219
-0.10013,8.8931,0.2828,-3.4936
-0.10013,8.8831,0.2828,-3.4653
-0.10013,8.8731,0.2828,-3.437
-0.10013,8.8631,0.2828,-3.4087
-0.10013,8.8531,0.2828,-3.3805
-0.10013,8.843,0.2828,-3.3522
-0.10013,8.833,0.2828,-3.3239
-0.10013,8.823,0.2828,-3.2956
-0.10013,8.813,0.2828,-3.2673
-0.10013,8.803,0.2828,-3.2391
-0.10013,8.793,0.2828,-3.2108
-0.10013,8.783,0.2828,-3.1825
-0.10013,8.7729,0.2828,-3.1542
-0.10013,8.7629,0.2828,-3.1259
-0.10013,8.7529,0.2828,-3.0977
-0.10013,8.7429,0.2828,-3.0694
-0.10013,8.7329,0.2828,-3.0411
-0.10013,8.7229,0.2828,-3.0128
-0.10013,8.7129,0.2828,-2.9846
-0.10013,8.7029,0.2828,-2.9563
-0.10013,8.6928,0.2828,-2.928
-0.10013,8.6828,0.2828,-2.8997
-0.10013,8.6728,0.2828,-2.8714
-0.10013,8.6628,0.2828,-2.8432
-0.10013,8.6528,0.2828,-2.8149
-0.10013,8.6428,0.2828,-2.7866
-0.10013,8.6328,0.2828,-2.7583
-0.10013,8.6227,0.2828,-2.73
-0.10013,8.6127,0.2828,-2.7018
-0.10013,8.6027,0.2828,-2.6735
-0.10013,8.5927,0.2828,-2.6452
-0.10013,8.5827,0.2828,-2.6169
-0.10013,8.5727,0.2828,-2.5886
-0.10013,8.5627,0.2828,-2.5604
-0.10013,8.5527,0.2828,-2.5321
-0.10013,8.5426,0.2828,-2.5038
-0.10013,8.5326,0.2828,-2.4755
-0.10013,8.5226,0.2828,-2.4472
-0.10013,8.5126,0.2828,-2.419
-0.10013,8.5026,0.2828,-2.3907
-0.10013,8.4926,0.2828,-2.3624
-0.10013,8.4826,0.2828,-2.3341
-0.10013,8.4726,0.2828,-2.3058
-0.10013,8.4625,0.2828,-2.2776
-0.10013,8.4525,0.2828,-2.2493
-0.10013,8.4425,0.2828,-2.221
-0.10013,8.4325,0.2828,-2.1927
-0.10013,8.4225,0.2828,-2.1644
-0.10013,8.4125,0.2828,-2.1362
-0.10013,8.4025,0.2828,-2.1079
-0.10013,8.3924,0.2828,-2.0796
-0.10013,8.3824,0.2828,-2.0513
-0.10013,8.3724,0.2828,-2.023
-0.10013,8.3624,0.2828,-1.9948
-0.10013,8.3524,0.2828,-1.9665
-0.090119,8.3429,0.25452,-1.9396
-0.080106,8.3344,0.22624,-1.9156
-0.070092,8.3269,0.19796,-1.8944
-0.060079,8.3203,0.16968,-1.876
-0.050066,8.3148,0.1414,-1.8604
-0.040053,8.3103,0.11312,-1.8477
-0.03004,8.3068,0.084839,-1.8378
-0.020026,8.3043,0.056559,-1.8307
-0.010013,8.3028,0.02828,-1.8265
0,8.3028,0,-1.8265
0,8.3028,0,-1.8265
0,8.3028,0,-1.8265
0,8.3028,0,-1.8265
0,8.3028,0,-1.8265
0,8.3028,0,-1.8265
0,8.3028,0,-1.8265
0,8.3028,0,-1.8265
0,8.3028,0,-1.8265
0,8.3028,0,-1.8265
-0.029848,8.3013,-0.0030193,-1.8267
-0.059695,8.2969,-0.0060386,-1.8271
-0.089543,8.2894,-0.0090579,-1.8279
-0.11939,8.2789,-0.012077,-1.8289
-0.14924,8.2655,-0.015096,-1.8303
-0.17909,8.2491,-0.018116,-1.8319
-0.20893,8.2297,-0.021135,-1.8339
-0.23878,8.2073,-0.024154,-1.8362
-0.26863,8.1819,-0.027174,-1.8387
-0.29848,8.1536,-0.030193,-1.8416
-0.32832,8.1222,-0.033212,-1.8448
-0.29848,8.1088,-0.030193,-1.8461
-0.29848,8.079,-0.030193,-1.8491
-0.29848,8.0491,-0.030193,-1.8522
-0.29848,8.0193,-0.030193,-1.8552
-0.29848,7.9894,-0.030193,-1.8582
-0.29848,7.9596,-0.030193,-1.8612
-0.29848,7.9297,-0.030193,-1.8642
-0.29848,7.8999,-0.030193,-1.8673
-0.29848,7.87,-0.030193,-1.8703
-0.29848,7.8402,-0.030193,-1.8733
-0.29848,7.8103,-0.030193,-1.8763
-0.29848,7.7805,-0.030193,-1.8793
-0.29848,7.7506,-0.030193,-1.8824
-0.29848,7.7208,-0.030193,-1.8854
-0.29848,7.6909,-0.030193,-1.8884
-0.29848,7.6611,-0.030193,-1.8914
-0.29848,7.6313,-0.030193,-1.8944
-0.29848,7.6014,-0.030193,-1.8975
-0.29848,7.5716,-0.030193,-1.9005
-0.29848,7.5417,-0.030193,-1.9035
-0.29848,7.5119,-0.030193,-1.9065
-0.29848,7.482,-0.030193,-1.9095
-0.29848,7.4522,-0.030193,-1.9126
-0.29848,7.4223,-0.030193,-1.9156
-0.29848,7.3925,-0.030193,-1.9186
-0.29848,7.3626,-0.030193,-1.9216
-0.29848,7.3328,-0.030193,-1.9246
-0.29848,7.3029,-0.030193,-1.9276
-0.29848,7.2731,-0.030193,-1.9307
-0.29848,7.2432,-0.030193,-1.9337
-0.26863,7.2149,-0.027174,-1.9366
-0.23878,7.1895,-0.024154,-1.9391
-0.20893,7.1671,-0.021135,-1.9414
-0.17909,7.1477,-0.018116,-1.9433
-0.14924,7.1313,-0.015096,-1.945
-0.11939,7.1179,-0.012077,-1.9464
-0.089543,7.1074,-0.0090579,-1.9474
-0.059695,7.1,-0.0060386,-1.9482
-0.029848,7.0955,-0.0030193,-1.9486
0,7.0955,0,-1.9486
0,7.0955,0,-1.9486
0,7.0955,0,-1.9486
0,7.0955,0,-1.9486
0,7.0955,0,-1.9486
0,7.0955,0,-1.9486
0,7.0955,0,-1.9486
0,7.0955,0,-1.9486
0,7.0955,0,-1.9486
0,7.0955,0,-1.9486
-0.018383,7.0946,-0.023708,-1.9498
-0.036766,7.0918,-0.047416,-1.9534
-0.055149,7.0872,-0.071124,-1.9593
-0.073532,7.0808,-0.094831,-1.9676
-0.091916,7.0725,-0.11854,-1.9783
-0.1103,7.0624,-0.14225,-1.9913
-0.12868,7.0504,-0.16595,-2.0067
-0.14706,7.0367,-0.18966,-2.0245
-0.16545,7.021,-0.21337,-2.0446
-0.18383,7.0036,-0.23708,-2.0672
-0.20221,6.9843,-0.26079,-2.0921
-0.18383,6.976,-0.23708,-2.1027
-0.18383,6.9576,-0.23708,-2.1264
-0.18383,6.9392,-0.23708,-2.1501
-0.18383,6.9208,-0.23708,-2.1739
-0.18383,6.9025,-0.23708,-2.1976
-0.18383,6.8841,-0.23708,-2.2213
-0.18383,6.8657,-0.23708,-2.245
-0.18383,6.8473,-0.23708,-2.2687
-0.18383,6.8289,-0.23708,-2.2924
-0.18383,6.8106,-0.23708,-2.3161
-0.18383,6.7922,-0.23708,-2.3398
-0.18383,6.7738,-0.23708,-2.3635
-0.18383,6.7554,-0.23708,-2.3872
-0.18383,6.737,-0.23708,-2.4109
-0.18383,6.7186,-0.23708,-2.4346
-0.18383,6.7003,-0.23708,-2.4584
-0.18383,6.6819,-0.23708,-2.4821
-0.18383,6.6635,-0.23708,-2.5058
-0.18383,6.6451,-0.23708,-2.5295
-0.18383,6.6267,-0.23708,-2.5532
-0.18383,6.6083,-0.23708,-2.5769
-0.18383,6.59,-0.23708,-2.6006
-0.18383,6.5716,-0.23708,-2.6243
-0.18383,6.5532,-0.23708,-2.648
-0.18383,6.5348,-0.23708,-2.6717
-0.18383,6.5164,-0.23708,-2.6954
-0.18383,6.498,-0.23708,-2.7191
-0.18383,6.4797,-0.23708,-2.7428
-0.18383,6.4613,-0.23708,-2.7666
-0.18383,6.4429,-0.23708,-2.7903
-0.18383,6.4245,-0.23708,-2.814
-0.18383,6.4061,-0.23708,-2.8377
-0.18383,6.3877,-0.23708,-2.8614
-0.18383,6.3694,-0.23708,-2.8851
-0.18383,6.351,-0.23708,-2.9088
-0.18383,6.3326,-0.23708,-2.9325
-0.18383,6.3142,-0.23708,-2.9562
-0.18383,6.2958,-0.23708,-2.9799
-0.18383,6.2774,-0.23708,-3.0036
-0.18383,6.2591,-0.23708,-3.0273
-0.18383,6.2407,-0.23708,-3.051
-0.18383,6.2223,-0.23708,-3.0748
-0.18383,6.2039,-0.23708,-3.0985
-0.18383,6.1855,-0.23708,-3.1222
-0.18383,6.1671,-0.23708,-3.1459
-0.18383,6.1488,-0.23708,-3.1696
-0.18383,6.1304,-0.23708,-3.1933
-0.18383,6.112,-0.23708,-3.217
-0.18383,6.0936,-0.23708,-3.2407
-0.18383,6.0752,-0.23708,-3.2644
-0.18383,6.0568,-0.23708,-3.2881
-0.18383,6.0385,-0.23708,-3.3118
-0.18383,6.0201,-0.23708,-3.3355
-0.18383,6.0017,-0.23708,-3.3592
-0.18383,5.9833,-0.23708,-3.383
-0.18383,5.9649,-0.23708,-3.4067
-0.18383,5.9465,-0.23708,-3.4304
-0.18383,5.9282,-0.23708,-3.4541
-0.18383,5.9098,-0.23708,-3.4778
-0.16545,5.8923,-0.21337,-3.5003
-0.14706,5.8767,-0.18966,-3.5205
-0.12868,5.8629,-0.16595,-3.5382
-0.1103,5.851,-0.14225,-3.5537
-0.091916,5.8408,-0.11854,-3.5667
-0.073532,5.8326,-0.094831,-3.5774
-0.055149,5.8261,-0.071124,-3.5857
-0.036766,5.8215,-0.047416,-3.5916
-0.018383,5.8188,-0.023708,-3.5951
0,5.8188,0,-3.5951
0,5.8188,0,-3.5951
0,5.8188,0,-3.5951
0,5.8188,0,-3.5951
0,5.8188,0,-3.5951
0,5.8188,0,-3.5951
0,5.8188,0,-3.5951
0,5.8188,0,-3.5951
0,5.8188,0,-3.5951
0,5.8188,0,-3.5951
-0.016473,5.818,-0.025073,-3.5964
-0.032946,5.8155,-0.050145,-3.6002
-0.049419,5.8114,-0.075218,-3.6064
-0.065893,5.8056,-0.10029,-3.6152
-0.082366,5.7982,-0.12536,-3.6265
-0.098839,5.7891,-0.15044,-3.6403
-0.11531,5.7784,-0.17551,-3.6566
-0.13179,5.7661,-0.20058,-3.6754
-0.14826,5.7521,-0.22565,-3.6967
-0.16473,5.7364,-0.25073,-3.7205
-0.1812,5.7191,-0.2758,-3.7468
-0.16473,5.7117,-0.25073,-3.7581
-0.16473,5.6952,-0.25073,-3.7832
-0.16473,5.6788,-0.25073,-3.8083
-0.16473,5.6623,-0.25073,-3.8333
-0.16473,5.6458,-0.25073,-3.8584
-0.16473,5.6293,-0.25073,-3.8835
-0.16473,5.6129,-0.25073,-3.9085
-0.16473,5.5964,-0.25073,-3.9336
-0.16473,5.5799,-0.25073,-3.9587
-0.16473,5.5634,-0.25073,-3.9838
-0.16473,5.547,-0.25073,-4.0088
-0.16473,5.5305,-0.25073,-4.0339
-0.16473,5.514,-0.25073,-4.059
-0.16473,5.4976,-0.25073,-4.0841
-0.16473,5.4811,-0.25073,-4.1091
-0.16473,5.4646,-0.25073,-4.1342
-0.16473,5.4481,-0.25073,-4.1593
-0.16473,5.4317,-0.25073,-4.1843
-0.16473,5.4152,-0.25073,-4.2094
-0.16473,5.3987,-0.25073,-4.2345
-0.16473,5.3822,-0.25073,-4.2596
-0.16473,5.3658,-0.25073,-4.2846
-0.16473,5.3493,-0.25073,-4.3097
-0.16473,5.3328,-0.25073,-4.3348
-0.16473,5.3164,-0.25073,-4.3599
-0.16473,5.2999,-0.25073,-4.3849
-0.16473,5.2834,-0.25073,-4.41
-0.16473,5.2669,-0.25073,-4.4351
-0.16473,5.2505,-0.25073,-4.4601
-0.16473,5.234,-0.25073,-4.4852
-0.16473,5.2175,-0.25073,-4.5103
-0.16473,5.201,-0.25073,-4.5354
-0.16473,5.1846,-0.25073,-4.5604
-0.16473,5.1681,-0.25073,-4.5855
-0.16473,5.1516,-0.25073,-4.6106
-0.16473,5.1351,-0.25073,-4.6357
-0.16473,5.1187,-0.25073,-4.6607
-0.16473,5.1022,-0.25073,-4.6858
-0.16473,5.0857,-0.25073,-4.7109
-0.14826,5.0701,-0.22565,-4.7347
-0.13179,5.0561,-0.20058,-4.756
-0.11531,5.0437,-0.17551,-4.7748
-0.098839,5.033,-0.15044,-4.7911
-0.082366,5.024,-0.12536,-4.8049
-0.065893,5.0165,-0.10029,-4.8162
-0.049419,5.0108,-0.075218,-4.825
-0.032946,5.0067,-0.050145,-4.8312
-0.016473,5.0042,-0.025073,-4.835
0,5.0042,0,-4.835
0,5.0042,0,-4.835
0,5.0042,0,-4.835
0,5.0042,0,-4.835
0,5.0042,0,-4.835
0,5.0042,0,-4.835
0,5.0042,0,-4.835
0,5.0042,0,-4.835
0,5.0042,0,-4.835
0,5.0042,0,-4.835
-0.0068105,5.0038,-0.029217,-4.8364
-0.013621,5.0028,-0.058433,-4.8408
-0.020431,5.0011,-0.08765,-4.8481
-0.027242,4.9987,-0.11687,-4.8584
-0.034052,4.9957,-0.14608,-4.8715
-0.040863,4.9919,-0.1753,-4.8876
-0.047673,4.9875,-0.20452,-4.9066
-0.054484,4.9824,-0.23373,-4.9285
-0.061294,4.9766,-0.26295,-4.9533
-0.068105,4.9701,-0.29217,-4.9811
-0.074915,4.963,-0.32138,-5.0117
-0.068105,4.9599,-0.29217,-5.0249
-0.068105,4.9531,-0.29217,-5.0541
-0.068105,4.9463,-0.29217,-5.0833
-0.068105,4.9395,-0.29217,-5.1125
-0.068105,4.9327,-0.29217,-5.1418
-0.068105,4.9259,-0.29217,-5.171
-0.068105,4.9191,-0.29217,-5.2002
-0.068105,4.9122,-0.29217,-5.2294
-0.068105,4.9054,-0.29217,-5.2586
-0.068105,4.8986,-0.29217,-5.2878
-0.068105,4.8918,-0.29217,-5.3171
-0.068105,4.885,-0.29217,-5.3463
-0.068105,4.8782,-0.29217,-5.3755
-0.068105,4.8714,-0.29217,-5.4047
-0.068105,4.8646,-0.29217,-5.4339
-0.068105,4.8578,-0.29217,-5.4631
-0.068105,4.8509,-0.29217,-5.4924
-0.068105,4.8441,-0.29217,-5.5216
-0.068105,4.8373,-0.29217,-5.5508
-0.068105,4.8305,-0.29217,-5.58
-0.068105,4.8237,-0.29217,-5.6092
-0.068105,4.8169,-0.29217,-5.6384
-0.068105,4.8101,-0.29217,-5.6677
-0.068105,4.8033,-0.29217,-5.6969
-0.068105,4.7965,-0.29217,-5.7261
-0.068105,4.7897,-0.29217,-5.7553
-0.068105,4.7828,-0.29217,-5.7845
-0.068105,4.776,-0.29217,-5.8137
-0.068105,4.7692,-0.29217,-5.843
-0.068105,4.7624,-0.29217,-5.8722
-0.068105,4.7556,-0.29217,-5.9014
-0.068105,4.7488,-0.29217,-5.9306
-0.068105,4.742,-0.29217,-5.9598
-0.068105,4.7352,-0.29217,-5.989
-0.068105,4.7284,-0.29217,-6.0183
-0.068105,4.7215,-0.29217,-6.0475
-0.068105,4.7147,-0.29217,-6.0767
-0.068105,4.7079,-0.29217,-6.1059
-0.068105,4.7011,-0.29217,-6.1351
-0.068105,4.6943,-0.29217,-6.1643
-0.061294,4.6878,-0.26295,-6.1921
-0.054484,4.682,-0.23373,-6.2169
-0.047673,4.6769,-0.20452,-6.2388
-0.040863,4.6725,-0.1753,-6.2578
-0.034052,4.6688,-0.14608,-6.2739
-0.027242,4.6657,-0.11687,-6.2871
-0.020431,4.6633,-0.08765,-6.2973
-0.013621,4.6616,-0.058433,-6.3046
-0.0068105,4.6606,-0.029217,-6.309
0,4.6606,0,-6.309
0,4.6606,0,-6.309
0,4.6606,0,-6.309
0,4.6606,0,-6.309
0,4.6606,0,-6.309
0,4.6606,0,-6.309
0,4.6606,0,-6.309
0,4.6606,0,-6.309
0,4.6606,0,-6.309
0,4.6606,0,-6.309
